Date,Close,High,Low,Open,Volume
,,,,,
2019-01-02,224.9953156,225.921642,221.1911376,221.2181165,126925200
2019-01-03,219.626297,223.5473926,219.1406491,223.2416087,144140700
2019-01-04,226.9828644,227.6303858,222.2883407,222.6660593,142628800
2019-01-07,228.7725372,230.1844842,226.3533271,227.2526609,103139100
2019-01-08,230.9219818,231.4076299,228.4308365,230.966965,102512600
2019-01-09,232.0011292,232.8465051,230.4003162,231.632399,95006600
2019-01-10,232.8195343,233.0713467,229.7797817,230.4632842,96823900
2019-01-11,232.9094543,232.9364333,231.1557426,231.7403041,73858100
2019-01-14,231.4884949,232.2978897,230.5981633,231.002847,70908200
2019-01-15,234.1415558,234.4563281,231.8572403,231.8662424,85208300
2019-01-16,234.7081451,235.5984768,234.3663939,234.5732231,77636700
2019-01-17,236.4888458,237.3522262,233.790844,233.8358272,96118400
2019-01-18,239.6364441,240.1041152,236.5247573,238.3054478,127900300
2019-01-22,236.39888,238.3774254,234.7800901,238.1615941,115531200
2019-01-23,236.8934631,238.1345479,234.4202958,237.4330688,86030300
2019-01-24,237.0194092,237.6039981,235.6973874,236.713639,59204100
2019-01-25,239.0249634,239.8523626,237.1183799,238.8720645,96883400
2019-01-28,237.208313,237.2712455,235.4366241,236.8755638,85613700
2019-01-29,236.8934631,237.9186892,236.0570895,237.352132,66136300
2019-01-30,240.6436615,241.4890372,237.6488928,238.4133318,92473700
2019-01-31,242.7572327,243.2428807,240.3650008,240.5808596,104012100
2019-02-01,242.8740845,243.8993382,242.0826663,242.9550212,85782500
2019-02-04,244.5827789,244.6457389,242.2445059,242.9190061,60744800
2019-02-05,245.6079712,245.9137413,244.5107833,245.0144078,79552800
2019-02-06,245.2843018,245.8239075,244.5468689,245.3292849,58347800
2019-02-07,242.9460297,244.2140661,241.2822568,243.6654857,95482000
2019-02-08,243.2428436,243.3417572,240.8685889,241.6959882,75788900
2019-02-11,243.3777008,244.1601168,242.8470972,243.8993298,68021400
2019-02-12,246.5074005,246.8851053,244.9245642,244.9965263,72270200
2019-02-13,247.3077698,248.1531457,246.9210629,247.3437508,65277200
2019-02-14,246.759201,247.8923704,245.4011983,246.2195953,83234400
2019-02-15,249.4481812,249.4841622,248.3330162,248.5398453,97088700
2019-02-19,249.8798676,250.5363636,248.6387827,248.6477848,59120800
2019-02-20,250.3835602,250.8422293,249.3403295,249.8439543,76610800
2019-02-21,249.4932861,250.1048268,248.530992,249.7450986,64214700
2019-02-22,251.0401154,251.2379425,249.4752555,250.113775,78114600
2019-02-25,251.3817291,252.991544,251.3007924,252.4699426,69030700
2019-02-26,251.2019043,252.0832338,250.8241721,251.0310287,56844100
2019-02-27,251.0939941,251.44472,249.547139,250.4824263,56921600
2019-02-28,250.626358,251.3188627,250.302611,250.8781704,69268300
2019-03-01,252.1911774,252.6048632,250.7522379,252.2091542,78880500
2019-03-04,251.273819,253.4951742,248.971527,253.252364,106494600
2019-03-05,250.9320679,251.5975934,250.3834875,251.3997389,59114600
2019-03-06,249.4122467,251.058043,249.0884997,251.0490409,75039800
2019-03-07,247.3257599,249.106423,246.480384,248.9625263,94885100
2019-03-08,246.8311157,247.0019913,244.9964948,245.4641384,85795800
2019-03-11,250.4104919,250.5723654,247.5236383,247.5506172,65098900
2019-03-12,251.3547974,251.8764263,250.779238,250.9680904,79667500
2019-03-13,253.0185547,253.9538695,252.0832399,252.2451408,80639200
2019-03-14,252.8566895,253.4682298,252.4160247,253.0455419,67518400
2019-03-15,254.1059113,254.9188712,253.2206722,253.410384,81309000
2019-03-18,255.027359,255.3254619,254.0969659,254.3227898,62199800
2019-03-19,255.0904846,256.860935,254.1962315,256.0931563,90268100
2019-03-20,254.3227081,256.0841445,253.2116729,254.8737324,84609200
2019-03-21,257.1951904,257.6016566,253.455536,253.5007173,79550400
2019-03-22,252.2452087,256.3551913,252.1819715,255.8312921,122659300
2019-03-25,252.0554962,253.0942802,250.7908885,251.9019239,85575200
2019-03-26,253.9343414,254.8918321,252.5252031,253.8169086,68125900
2019-03-27,252.6064911,254.5124582,251.0528223,253.9252943,72224700
2019-03-28,253.5638885,254.015536,252.0824993,253.2387156,56238500
2019-03-29,255.1628113,255.4879843,253.9523991,255.081518,82186800
2019-04-01,258.1888123,258.4869151,256.8971069,257.168112,77617900
2019-04-02,258.3153381,258.5502037,257.5204339,258.3785754,40070400
2019-04-03,258.7218018,259.9322139,258.1165819,259.5347619,68243200
2019-04-04,259.4082947,259.6612162,258.3514548,259.0469821,48997500
2019-04-05,260.6639404,260.7181359,259.7877429,260.076804,58621700
2019-04-08,260.8626099,260.9710009,259.5799186,260.239334,53566300
2019-04-09,259.5257263,260.2212537,258.9747295,259.8960806,66142300
2019-04-10,260.4109802,260.5013153,259.525741,259.9412491,52601500
2019-04-11,260.3386841,260.9077644,259.7696037,260.8987227,55093100
2019-04-12,262.1001282,262.3801475,260.3838729,261.9555976,69727800
2019-04-15,261.9285278,262.2717844,261.1245818,262.1724076,49596700
2019-04-16,262.1001282,262.8679346,261.5039501,262.8137391,52153200
2019-04-17,261.4586792,263.2471852,261.0431438,263.2200874,58268300
2019-04-18,261.9736328,262.2446379,260.7451647,262.0459119,68708500
2019-04-22,262.1994629,262.3530352,261.1155253,261.2058603,40160100
2019-04-23,264.5570374,264.7919029,262.3349394,262.5697774,52246600
2019-04-24,263.9698792,264.8099368,263.8253487,264.4757221,50392900
2019-04-25,263.8074341,264.4668497,262.615105,263.8706714,57770900
2019-04-26,265.0358582,265.1081096,263.0756954,263.8525436,50916400
2019-04-29,265.4512939,265.9752205,265.035786,265.126121,57197700
2019-04-30,265.586853,265.8759141,263.6899551,265.1081077,81111700
2019-05-01,263.5904846,266.4268439,263.5814428,266.2190761,71671900
2019-05-02,263.0214233,264.3944493,261.5219504,263.4730708,65030200
2019-05-03,265.5958862,265.8759055,263.1298804,264.5029068,56543700
2019-05-06,264.5028687,264.9454744,260.9619399,261.2780986,107198100
2019-05-07,260.0857544,262.6872487,258.1707732,262.0910706,144729900
2019-05-08,259.7244568,261.4407121,259.1282787,259.7244568,91568300
2019-05-09,258.9385376,259.5437298,255.9034522,257.6468324,103471100
2019-05-10,260.2392273,260.9979916,255.0001011,257.9990464,112429300
2019-05-13,253.6993866,256.0750565,252.859329,255.108552,127290500
2019-05-14,255.9937897,257.5294022,254.5936935,254.7201405,77003200
2019-05-15,257.4932861,258.1346179,254.1510834,254.3588512,73956400
2019-05-16,259.8780212,261.2419781,258.1256265,258.197878,76749600
2019-05-17,258.197876,260.6909794,257.5475024,257.5655859,100353000
2019-05-20,256.4906921,258.3062968,255.7409417,256.5900414,62877600
2019-05-21,258.803009,259.1823774,257.9358262,258.1887476,46847100
2019-05-22,258.0081482,258.9656387,257.529403,257.8455617,49482500
2019-05-23,254.8556061,255.8221106,253.4374266,255.7769568,98733800
2019-05-24,255.4337158,256.7164066,254.8104402,256.3008712,55268100
2019-05-28,253.0581055,256.6712857,253.0400495,255.7137951,70029400
2019-05-29,251.3599091,252.3444974,249.950771,251.9380311,104972900
2019-05-30,252.046524,252.9588613,250.9445025,252.1187756,62523800
2019-05-31,248.6500702,250.3211719,248.6229724,249.4901557,86862800
2019-06-03,248.0177307,249.8062373,246.6808441,248.6861602,96428000
2019-06-04,253.4013824,253.5368712,249.8694952,250.3211427,77231900
2019-06-05,255.5963287,255.6234265,253.2116444,255.0272485,71169700
2019-06-06,257.2584534,257.9359247,255.2441228,255.8944964,69430400
2019-06-07,259.8328247,260.9167898,258.1075278,258.2791561,74272200
2019-06-10,261.025238,262.6963398,260.934903,261.3865506,60799100
2019-06-11,260.9620056,263.2202439,260.3116319,262.8498895,58641300
2019-06-12,260.5012512,261.2871134,259.9863665,260.727075,47096300
2019-06-13,261.5762329,261.9375731,260.7090772,261.4136464,48945200
2019-06-14,261.2871094,261.8923016,260.5193031,261.2871094,52324700
2019-06-17,261.3864746,262.1542809,261.2148464,261.5219633,39205700
2019-06-18,264.1234741,265.1803415,262.8498248,263.2111648,85434800
2019-06-19,264.7196655,265.2526063,263.2834296,264.2589762,78674400
2019-06-20,267.2489014,267.6553952,264.7829231,267.4115155,116570000
2019-06-21,266.8604126,268.2400891,266.6425762,266.9784165,83309500
2019-06-24,266.5336914,267.3868932,266.3793722,267.0692244,47582700
2019-06-25,263.9195862,266.6154228,263.810668,266.5881933,82028700
2019-06-26,263.6562805,265.326424,263.5473623,264.8181207,51584900
2019-06-27,264.5911865,265.0994898,264.0375099,264.4187235,40355200
2019-06-28,265.9526672,266.4518847,265.0540647,265.571426,59350900
2019-07-01,268.367218,269.5109145,267.1599767,269.2930504,78705600
2019-07-02,269.0660706,269.1205296,267.4776158,268.3217594,61504500
2019-07-03,271.2172546,271.2354261,269.6015706,269.746804,40898900
2019-07-05,270.9086609,271.0720658,268.684841,269.9828287,51677300
2019-07-08,269.4200745,270.727148,268.8754559,269.5925375,45841800
2019-07-09,269.7559509,270.0554759,268.2038113,268.2582704,41101300
2019-07-10,271.0448608,271.9979504,270.2914915,270.8270245,58448500
2019-07-11,271.6802673,271.9253333,270.6727463,271.6893531,50826100
2019-07-12,272.8965149,272.9691455,271.8617645,272.1703752,40326000
2019-07-15,272.9872437,273.3321696,272.4789404,273.3321696,33900000
2019-07-16,272.1068115,273.1052742,271.7982008,272.896496,36650100
2019-07-17,270.2550354,272.2428745,270.2550354,272.0794973,36036300
2019-07-18,271.2445374,271.6257787,269.3111842,269.7559426,51392600
2019-07-19,269.737793,272.370084,269.5653299,272.3428544,58678600
2019-07-22,270.4003906,270.9450092,269.6197918,270.1371532,43638100
2019-07-23,272.3337708,272.3337708,270.6908568,271.5259424,44564500
2019-07-24,273.6135864,273.6135864,271.4805132,271.5712876,47213200
2019-07-25,272.3065491,273.2142376,271.498693,273.1597785,55394100
2019-07-26,274.131012,274.3307045,272.8693117,272.9964013,45084100
2019-07-29,273.6316528,274.1308979,273.0779764,274.012894,38126500
2019-07-30,272.9601135,273.3685845,271.8436466,272.224888,45849000
2019-07-31,269.9738159,273.3958197,267.9496881,273.2051851,104245200
2019-08-01,267.6228638,273.0962241,266.8240935,270.1280928,142646600
2019-08-02,265.6077576,266.9692901,264.0465325,266.7242242,116749700
2019-08-05,257.6201172,261.6048547,255.7139661,261.4959365,178745400
2019-08-06,261.2327576,261.4506217,258.0377038,259.5172406,120711700
2019-08-07,261.3869934,262.158534,256.0044086,258.1465396,140572300
2019-08-08,266.5154419,266.5154419,262.331012,262.8846886,87713900
2019-08-09,264.7001343,266.1705853,262.9119867,265.5715075,93730000
2019-08-12,261.4778442,264.6910417,260.5247547,263.1933612,65527600
2019-08-13,265.5441895,266.9964962,260.8332852,261.1782111,94299800
2019-08-14,257.6927185,262.0859268,257.5656565,261.4777911,135622100
2019-08-15,258.3735046,259.272135,256.3221476,258.5822829,99556600
2019-08-16,262.185791,262.6214637,258.4279479,260.034574,83018300
2019-08-19,265.3445129,266.0252792,264.5366847,265.217451,53571800
2019-08-20,263.3113708,265.3718139,263.1843089,264.836281,51596400
2019-08-21,265.4535217,265.8256496,264.7908991,265.4807513,49524700
2019-08-22,265.3717346,266.7968119,263.5926733,266.1614467,51666400
2019-08-23,258.5550842,265.7349039,257.3024696,264.0647603,149161500
2019-08-26,261.4142761,261.4142761,259.2176579,260.7516536,72423800
2019-08-27,260.3886414,263.1843379,259.6261862,262.8121823,66668900
2019-08-28,262.2220764,262.3854537,258.9180778,259.7259337,59696700
2019-08-29,265.5715027,266.0979776,263.7833551,264.7909038,57899400
2019-08-30,265.4535217,267.0782643,264.5186037,267.0601205,62901200
2019-09-03,263.9013062,264.6637611,262.5670031,263.7470146,69101400
2019-09-04,266.8967896,266.9149334,265.3264781,266.0798753,46887300
2019-09-05,270.3277588,271.2445052,266.8603825,269.3928409,83258100
2019-09-06,270.5365295,271.1810083,269.9647091,270.6454754,49584300
2019-09-09,270.6727295,271.6167056,269.7287257,271.5259589,51260300
2019-09-10,270.6091919,270.6727367,268.6485813,269.910254,57947100
2019-09-11,272.5334778,272.6151664,270.2642565,270.9177933,68821100
2019-09-12,273.477417,274.5393968,272.6786469,273.4411017,72908700
2019-09-13,273.2958984,274.2762174,272.9237429,273.9222057,62104800
2019-09-16,272.4517517,273.3412963,271.8073007,272.1612848,58191200
2019-09-17,273.1416931,273.2324398,272.0796852,272.2521482,41475500
2019-09-18,273.3050232,273.4139414,270.7090196,272.7513188,73375800
2019-09-19,273.2869568,274.6938912,272.9511163,273.6954279,76560500
2019-09-20,271.9956055,274.1750123,271.2022742,273.8923039,89565000
2019-09-23,271.9317627,272.6521558,271.0745932,271.3299185,43476800
2019-09-24,269.7979736,273.4181389,268.8313829,273.0260371,94869400
2019-09-25,271.3937988,271.8406113,268.393705,269.8800743,71854000
2019-09-26,270.8284302,271.6126338,269.4150269,271.4029192,56179700
2019-09-27,269.3693542,271.694665,267.8100472,271.585216,84746600
2019-09-30,270.6186218,271.3298871,269.8435461,269.8891289,51662400
2019-10-01,267.3996887,272.1597035,267.1808464,271.5031488,88242400
2019-10-02,262.6762085,265.8222063,261.3813542,265.8130786,122539500
2019-10-03,264.8282471,264.8556024,259.7217126,262.4482254,85278800
2019-10-04,268.4118958,268.6672211,265.4300302,265.4847686,65091200
2019-10-07,267.2537537,269.241673,266.9710731,267.6094002,59610500
2019-10-08,263.1047974,266.1322464,263.0683144,265.3936256,95708100
2019-10-09,265.603302,266.5425374,264.4999349,265.1291344,62359400
2019-10-10,267.3996887,268.2842135,265.3570864,265.5212181,55296300
2019-10-11,270.171875,272.4150926,270.0442262,270.1627473,98720400
2019-10-14,269.8709717,270.5275266,269.5244527,269.8527163,40394800
2019-10-15,272.5427246,273.290473,270.8010303,270.9195792,46754500
2019-10-16,272.105011,272.7980488,271.6673264,272.0776557,48928200
2019-10-17,272.9075928,273.7829903,272.2145547,273.2723394,45736600
2019-10-18,271.7129211,273.016903,270.8557516,272.3694759,64304000
2019-10-21,273.5548706,273.7554853,272.5974077,273.0351202,39048600
2019-10-22,272.6612854,274.3847244,272.5700918,274.092916,48594700
2019-10-23,273.4546204,273.5093309,272.1962213,272.4059638,34352200
2019-10-24,273.9014282,274.5397554,273.071614,274.3938513,35453100
2019-10-25,275.0230103,275.5701438,273.2721884,273.326899,45205400
2019-10-28,276.5731506,277.0747013,276.217532,276.2448872,42147000
2019-10-29,276.4912415,277.4213773,276.1720778,276.2997544,44284900
2019-10-30,277.3392639,277.7131103,275.3786992,276.6918089,49643900
2019-10-31,276.6006165,277.3301373,275.1416304,277.3301373,69053800
2019-11-01,279.1630249,279.2086078,277.8863703,278.0505299,71141500
2019-11-04,280.2846375,280.8591265,279.9107632,280.72235,60606900
2019-11-05,279.9746094,280.7861962,279.682801,280.4852601,42933200
2019-11-06,280.0384521,280.3120051,279.0900888,279.9746138,46487100
2019-11-07,281.0231934,282.3636582,280.5490257,281.3788399,54272300
2019-11-08,281.7162476,281.7709581,279.9745532,280.6766909,49032100
2019-11-11,281.1782227,281.3514821,280.1933766,280.3301809,35797300
2019-11-12,281.7709656,282.673718,280.9958619,281.5429955,46484600
2019-11-13,281.8620911,282.2633205,280.5489817,280.7769517,53917700
2019-11-14,282.2724304,282.3545241,280.9410935,281.5794206,51219900
2019-11-15,284.3150635,284.3606463,282.9198882,283.6128981,62023600
2019-11-18,284.5249023,284.7620001,283.6221497,284.0780899,49228000
2019-11-19,284.4428406,285.1358786,283.7954133,285.1267509,67804700
2019-11-20,283.3849487,284.3697948,281.8256417,283.8500165,79406200
2019-11-21,282.9290161,283.6038263,282.126585,283.4944051,54664700
2019-11-22,283.5582886,283.8136139,282.5461148,283.6768375,44850200
2019-11-25,285.7558289,285.7558289,284.4883301,284.4883301,48647200
2019-11-26,286.4033203,286.5857075,285.4732125,285.7923762,37569000
2019-11-27,287.6799927,287.6799927,286.6677911,286.8866335,44444600
2019-11-29,286.6130066,287.3607549,286.3850366,287.1145295,36592700
2019-12-02,284.1782837,286.9321511,283.749699,286.8683129,75767800
2019-12-03,282.2724304,282.3545241,280.0656965,281.451744,73941700
2019-12-04,284.0141907,284.6160349,282.9746617,283.3211807,49080000
2019-12-05,284.5249023,284.7346448,283.2117924,284.7164173,40709000
2019-12-06,287.1237183,287.5249478,286.4306804,286.4398081,48927000
2019-12-09,286.2209473,287.4063803,286.1479813,286.7315979,34838500
2019-12-10,285.9017944,286.8319022,285.2452396,286.1662475,52649800
2019-12-11,286.7133789,286.9687042,285.8197263,286.3577323,53429100
2019-12-12,289.1846008,289.9688045,286.485443,286.7225129,96389600
2019-12-13,289.3578186,290.5888624,288.1723577,288.9474614,81503900
2019-12-16,291.3456726,291.9383891,289.2939425,291.0903473,82749700
2019-12-17,291.4095154,292.0295871,291.3274495,291.728679,61097700
2019-12-18,291.4277954,292.0296397,291.3730848,291.8016696,48133000
2019-12-19,292.622406,292.695372,291.3640066,291.619332,85310500
2019-12-20,293.9052124,295.0414939,292.6772889,293.6577764,147142100
2019-12-23,294.354248,294.7482776,294.2076265,294.693298,52990000
2019-12-24,294.3634338,294.6291591,294.0610182,294.5833521,20270000
2019-12-26,295.9304504,295.939623,294.739189,294.7483336,30911200
2019-12-27,295.8570862,296.7184701,295.3256077,296.6634905,42528800
2019-12-30,294.2259827,296.0770548,293.7403111,295.9396059,49729100
2019-12-31,294.9407043,295.1881404,293.3737308,293.7219534,57077300
2020-01-02,297.6989441,297.7172893,295.5546573,296.4801932,59151200
2020-01-03,295.4447632,296.5719004,294.2443292,294.2993088,77709700
2020-01-06,296.5718689,296.6543382,293.5661701,293.6853018,55653900
2020-01-07,295.7379456,296.4801976,295.2889085,296.0036708,40496400
2020-01-08,297.3141785,298.5329297,295.6830524,295.9304605,68296000
2020-01-09,299.3301392,299.4034639,298.2946439,298.88113,48473300
2020-01-10,298.46875,300.0723861,298.0014236,299.91662,53029300
2020-01-13,300.5213928,300.5305374,298.6611762,299.0918681,47086800
2020-01-14,300.0632019,301.1353314,299.5042057,300.0815191,62832800
2020-01-15,300.7412415,301.5018106,299.8890304,299.9714997,72056600
2020-01-16,303.2429504,303.2429504,301.8958953,302.1249861,54050300
2020-01-17,304.1868591,304.3976048,303.1788537,303.9577683,95846000
2020-01-21,303.591217,304.3976214,303.1513805,303.2246772,77742400
2020-01-22,303.6278076,305.103167,303.4720415,304.452529,48914900
2020-01-23,303.9760437,304.3884184,301.8592467,302.977211,51963000
2020-01-24,301.2727966,304.7183321,299.9807208,304.6358627,87578400
2020-01-27,296.443512,297.928016,295.6737702,296.0128201,84062500
2020-01-28,299.5500793,300.4297805,296.5352356,297.8731185,63834000
2020-01-29,299.3026733,301.1445731,299.1010722,300.9154822,53888900
2020-01-30,300.2739258,300.4846994,296.4801962,297.2315928,75491800
2020-01-31,294.8215942,299.8066132,293.9052309,299.6508191,113845600
2020-02-03,297.0115662,298.8809545,296.1868451,296.3059767,69083000
2020-02-04,301.5385132,302.4090695,300.3105897,300.6313224,62573200
2020-02-05,305.0206299,305.2314035,303.0138203,304.479979,65951100
2020-02-06,306.0470276,306.2394561,304.9656976,305.9828754,50359700
2020-02-07,304.4160156,306.0562864,303.8661918,304.9841566,64139400
2020-02-10,306.6885071,306.7526592,303.4904076,303.52707,42070000
2020-02-11,307.2200623,308.8328431,306.6885557,308.0447839,54864500
2020-02-12,309.1993713,309.410117,308.2921525,308.6586923,43992700
2020-02-13,308.8694153,309.8407582,307.4948703,307.7697681,54501900
2020-02-14,309.3641968,309.4833285,308.081294,309.2817275,64582200
2020-02-18,308.5671387,309.4285227,307.174248,308.3655376,57226200
2020-02-19,310.0424194,310.7205195,309.2543603,309.5384307,48814700
2020-02-20,308.7686768,310.3173332,305.7721504,309.4925838,74163400
2020-02-21,305.5889282,307.724043,304.7641787,307.4124827,113788200
2020-02-24,295.4538879,305.6621613,294.3725579,296.1136707,161088400
2020-02-25,286.5010071,297.4607053,285.6213061,296.8467575,218913200
2020-02-26,285.4472351,291.5043845,284.7141555,287.9030826,194773800
2020-02-27,272.6273193,285.5022156,272.6273193,279.9123925,284353500
2020-02-28,271.4819031,272.9755803,261.6584837,264.5541961,384975800
2020-03-02,283.238739,283.3028912,269.832339,273.2687015,238703600
2020-03-03,275.1289978,287.5915483,272.6823227,283.6145337,300139100
2020-03-04,286.6934509,286.9133972,277.9605085,280.5171703,176613400
2020-03-05,277.163269,282.6706221,274.9181955,279.4725227,186366800
2020-03-06,272.5814209,273.7910272,265.9561321,268.6318973,228667200
2020-03-09,251.2943726,260.4213452,250.5796101,252.2748602,309417300
2020-03-10,264.2975769,264.3891909,250.625421,260.8337239,276444100
2020-03-11,251.4134827,258.3595338,248.2245555,257.223252,255316300
2020-03-12,227.3589325,244.357477,226.9648889,234.5890394,392220700
2020-03-13,246.7949524,248.7743003,227.7345944,241.0859994,329566100
2020-03-16,219.7897491,235.4137327,217.5079994,221.0085001,297240000
2020-03-17,231.656662,234.744816,217.2422701,224.5456733,262070500
2020-03-18,219.9272156,227.5971727,208.949186,216.4908528,327597100
2020-03-19,220.394577,226.6900037,212.7979299,219.2399641,289322000
2020-03-20,210.8968506,225.3407021,210.6203222,223.552501,347158800
2020-03-23,205.5045929,211.7079795,201.181574,210.3345781,326025200
2020-03-24,224.1239624,224.9996379,215.5055908,216.0770725,235494500
2020-03-25,227.4791412,236.2911011,220.9900142,225.7093793,299430300
2020-03-26,240.7616119,242.2363925,229.5623177,229.9955422,257632800
2020-03-27,233.5903625,240.4021085,231.4058151,233.4521054,224341200
2020-03-30,241.1764069,241.8953723,233.6917851,235.6919852,171369500
2020-03-31,237.5815735,242.7249372,236.1712941,240.1716943,194881100
2020-04-01,226.8892365,237.4986104,224.8152946,228.5760442,189554600
2020-04-02,232.1247711,232.9082518,225.4512826,226.0043394,177660400
2020-04-03,228.7696075,233.4981993,226.0320033,231.1385026,135561200
2020-04-06,244.1352234,246.1077862,228.7511942,237.6645344,188061200
2020-04-07,244.384079,253.5094169,244.1628675,252.7535736,201427200
2020-04-08,252.587677,254.4035294,244.4946963,246.9926361,153774500
2020-04-09,256.4313965,259.1966523,253.9150036,255.8598867,189999200
2020-04-13,254.0901489,255.7953957,250.1727031,255.454352,114839100
2020-04-14,261.5839233,262.6070542,253.9518204,258.9938033,134143400
2020-04-15,256.0257874,261.7222067,253.9057413,255.8506523,121775000
2020-04-16,257.2609558,258.1181783,254.1823079,257.3070322,131798300
2020-04-17,264.210907,264.8192383,260.3026609,263.0494909,146684800
2020-04-20,259.5560608,264.3491809,259.3348494,260.4962374,100109300
2020-04-21,251.6751709,256.2839308,250.7349659,255.076438,126385700
2020-04-22,257.2609558,259.0122788,255.2423169,256.5696419,92951600
2020-04-23,257.2425842,261.7223144,256.9384184,258.5422582,104709700
2020-04-24,260.828125,261.501014,256.7078931,258.7634098,85063200
2020-04-27,264.5888367,265.713375,262.3489866,262.8098625,77896600
2020-04-28,263.3721619,268.598479,263.067968,268.2482088,105270000
2020-04-29,270.2668152,271.8061529,267.6859216,268.718279,118745600
2020-04-30,267.7504883,270.3682602,266.0083638,268.8842251,122901700
2020-05-01,260.6622009,267.9163831,259.4915581,262.9850054,125180000
2020-05-04,261.3811646,261.6853303,257.2885843,258.7725912,80873200
2020-05-05,263.7962341,266.6167933,261.5102788,264.2110338,79569900
2020-05-06,262.0079651,265.8885325,261.5747406,265.5014125,73632600
2020-05-07,265.1695557,267.1052401,264.6626034,265.234085,75250400
2020-05-08,269.5572205,270.0273231,267.179084,268.3128493,76452400
2020-05-11,269.6125183,270.9951466,267.197532,267.6215302,79514200
2020-05-12,264.2386475,271.2162884,264.1003622,270.8015169,95870800
2020-05-13,259.5653076,264.7178967,257.1318694,263.6763127,144721100
2020-05-14,262.6716003,262.800631,251.6290041,257.1226649,121977900
2020-05-15,263.8790894,263.9251657,259.3256335,260.2750366,111146300
2020-05-18,271.9167786,273.5298442,269.7967607,270.1193513,119703800
2020-05-19,269.1239624,273.0321823,269.1055375,271.3177369,95189300
2020-05-20,273.6958618,274.5623111,272.4422924,272.6727304,85861700
2020-05-21,271.8062134,274.3779091,270.7093263,273.5667629,78293900
2020-05-22,272.3223877,272.4975228,270.2760973,271.520468,63958200
2020-05-26,275.6775513,278.5442144,272.3408138,278.3045499,88951400
2020-05-27,279.7793884,279.8162664,273.6405166,278.4797147,104817400
2020-05-28,279.2631531,282.8303282,278.5902641,280.8116894,90405200
2020-05-29,280.5074463,281.0973527,276.0369455,278.7929737,119090800
2020-06-01,281.6412964,282.249656,279.346143,279.8623219,55758300
2020-06-02,283.9732971,284.0194016,281.2264946,282.5630179,74267200
2020-06-03,287.752533,288.7111629,285.6878175,285.9643318,92567600
2020-06-04,286.9966736,288.5083603,284.8950803,286.7662356,75794400
2020-06-05,294.3522949,296.1312696,292.3428822,292.4074116,150524700
2020-06-08,297.9101563,298.1037162,294.619496,295.1633261,73641200
2020-06-09,295.6887817,297.9839348,294.3706552,295.2371042,77479200
2020-06-10,294.0389099,297.1636629,293.3199444,296.2695623,95000800
2020-06-11,277.0878296,287.7248546,276.5348009,287.0888435,209243600
2020-06-12,280.4061584,284.895086,275.2351434,284.1208178,194678900
2020-06-15,283.0238647,284.1576295,273.5206064,274.7004475,135782700
2020-06-16,288.4714966,290.9418133,283.5954488,290.7943296,137627500
2020-06-17,287.2732239,289.7896169,286.5358054,289.4946495,83398900
2020-06-18,287.3837891,287.8630899,285.2914225,285.7522984,80828700
2020-06-19,285.7414246,291.055554,283.7879548,290.8611422,135549600
2020-06-22,287.5744629,287.9725535,283.9915906,285.1395834,74649400
2020-06-23,288.8984375,291.1666789,288.4910796,290.2316036,68471200
2020-06-24,281.5289612,287.4726612,279.6866122,286.8523574,132813500
2020-06-25,284.5471497,284.8156419,278.9274872,280.9550094,89468000
2020-06-26,277.7887268,283.6583754,277.2054914,283.4454293,127961000
2020-06-29,281.8716125,282.0104782,276.7518933,279.0479083,79773300
2020-06-30,285.4821777,287.1856895,281.2790292,281.4364008,113394800
2020-07-01,287.481842,288.7502225,286.1394376,286.6023415,72396500
2020-07-02,289.065094,292.2776495,288.398511,290.9259492,69344200
2020-07-06,293.5274658,294.1107295,292.1480207,292.8979231,61713800
2020-07-07,290.5001221,293.962636,290.1205373,291.981421,82910000
2020-07-08,292.7220459,292.8331384,289.5002513,291.2685202,54638600
2020-07-09,291.0555725,293.5737718,287.630071,293.3330527,83354200
2020-07-10,294.0273132,294.2958054,289.5556737,290.9906646,57550400
2020-07-13,291.4815063,298.7676138,290.8241903,296.3790406,102997500
2020-07-14,295.258728,296.0364034,288.8521236,290.0556628,93657000
2020-07-15,297.971344,299.0730579,295.5827433,298.4897943,87196500
2020-07-16,296.9899597,297.4435966,295.4160748,296.0641517,54622500
2020-07-17,297.8510132,298.6379558,296.0179028,297.9991459,62774900
2020-07-20,300.2580872,301.0079895,296.8325859,297.5824882,56308800
2020-07-21,300.8970032,302.6745395,299.9063814,302.2301696,57292200
2020-07-22,302.6096497,302.9244493,300.4247559,300.5358484,57792900
2020-07-23,298.9989929,302.9522118,297.6288149,302.2485886,75738000
2020-07-24,297.0732727,298.100906,295.5642012,297.138086,73766600
2020-07-27,299.2396851,299.4155909,296.971444,297.7676536,48293000
2020-07-28,297.3417969,299.628544,297.0455315,298.5082959,57495000
2020-07-29,300.9987183,301.5634759,298.1842538,298.221294,48454200
2020-07-30,299.9248657,300.3414908,295.9253951,298.0177028,61861700
2020-07-31,302.2948303,302.3966839,297.4898843,301.7208339,84986800
2020-08-03,304.3965149,305.1649233,303.4151604,303.9613839,53077900
2020-08-04,305.5722351,305.5722351,303.5354459,303.5354459,41917900
2020-08-05,307.4702148,307.7294683,306.6092198,306.8777122,42697700
2020-08-06,309.5253906,309.6457502,306.5628218,306.8868603,43679400
2020-08-07,309.7476501,310.0346484,307.6460475,308.5533497,57308300
2020-08-10,310.6734924,310.8586371,308.2571181,310.2013212,44282100
2020-08-11,308.1089478,312.4972977,307.3775796,311.8584878,69601100
2020-08-12,312.4046326,313.1823078,310.5252436,310.5530167,53774400
2020-08-13,311.8399048,313.1545646,310.9140968,311.6362259,41816100
2020-08-14,311.8492126,312.3861972,310.7197256,311.4511219,47260400
2020-08-17,312.8398743,313.237965,311.8585198,312.8676474,35481000
2020-08-18,313.515686,313.9415499,311.6362684,313.2379266,38733900
2020-08-19,312.2102966,314.4136963,311.645539,313.895246,68054200
2020-08-20,313.182373,313.6637831,310.3494024,310.4790009,42207800
2020-08-21,314.2934265,314.5156115,312.5065949,312.8491678,55106600
2020-08-24,317.4781189,317.5521711,314.2655637,316.7374555,48588700
2020-08-25,318.5890808,318.6724001,316.8763302,318.0428574,38463400
2020-08-26,321.7831726,322.0516367,318.6354303,319.1816537,50790200
2020-08-27,322.4867859,323.9403117,320.8203423,322.6534529,58034100
2020-08-28,324.5698547,324.6994815,322.3201474,323.514448,48588900
2020-08-31,323.394104,325.2364535,323.1626519,324.3569526,66099200
2020-09-01,326.4399109,326.5417362,323.3291813,324.2272162,54908700
2020-09-02,331.1615906,332.1336778,327.2083716,328.356393,69540000
2020-09-03,319.7649231,329.9395467,317.1726431,329.4673754,148011100
2020-09-04,317.1540833,322.0238146,310.0253497,320.4499578,139156300
2020-09-08,308.4884644,317.2188549,308.1829602,311.7287922,114465300
2020-09-09,314.5803833,317.0522754,311.6362917,312.5065537,91462300
2020-09-10,309.118103,317.1170709,308.1552546,316.459755,90569500
2020-09-11,309.2755127,311.9696182,306.4425416,310.9049443,84680200
2020-09-14,313.3490295,315.1265937,309.4236119,312.4509945,65605700
2020-09-15,314.9321899,316.6449125,313.3583047,315.8116908,52920900
2020-09-16,313.682312,317.6077294,313.4045526,316.1727381,82096000
2020-09-17,310.9234619,312.6454801,308.2849026,308.8126201,91523300
2020-09-18,307.3437805,311.8426246,304.85269,311.7310875,105877900
2020-09-21,303.9232483,304.071974,299.0526031,302.7427755,99450800
2020-09-22,307.0185547,307.5762689,302.891509,305.4105131,63612100
2020-09-23,299.8984985,307.8551384,299.3965529,307.5762671,93112200
2020-09-24,300.6978455,303.765231,297.2586316,298.5785542,76681300
2020-09-25,305.5592041,306.3492685,298.968952,299.8426692,71069400
2020-09-28,310.6342468,311.3499623,308.7380306,309.7326172,64584600
2020-09-29,308.942627,311.1734553,308.2454913,310.4298553,51304000
2020-09-30,311.2849731,314.4453152,309.4166408,309.6118308,104081100
2020-10-01,313.2834778,314.8636349,311.3965651,313.8876563,88698700
2020-10-02,310.309021,313.2555935,307.845814,308.3198753,89431100
2020-10-05,315.8117371,315.9976229,312.326059,312.3725234,45713100
2020-10-06,311.322113,318.0518136,310.8108917,315.9511029,90128900
2020-10-07,316.7412109,317.5498836,314.259396,314.2872803,56999600
2020-10-08,319.5483398,319.6134126,317.7636604,318.6838986,45242500
2020-10-09,322.401947,322.866704,320.5801075,321.202866,59528600
2020-10-12,327.5886841,329.0666083,324.4562258,324.9488671,80388500
2020-10-13,325.4507751,327.6258347,324.4840725,327.4492248,73255500
2020-10-14,323.4058533,327.1239099,322.6715575,326.02709,57727900
2020-10-15,323.006134,323.4894711,318.9441622,319.4832678,60357700
2020-10-16,322.8109741,326.0270851,322.6343642,324.3632469,89501900
2020-10-19,317.9031067,324.7071279,317.0014769,324.0750652,68425600
2020-10-20,319.1765442,322.4298434,318.4887129,319.2508928,60051900
2020-10-21,318.5723572,321.3051307,318.2656017,319.1300429,63575000
2020-10-22,320.3198242,320.9054226,316.6389565,318.7861317,55399300
2020-10-23,321.4074707,321.6026608,318.9442633,321.5468922,49143900
2020-10-26,315.4678345,318.804787,311.9635478,318.0146943,91473000
2020-10-27,314.380249,316.1463201,314.1664506,315.8117086,65994100
2020-10-28,303.6351013,314.4081671,303.1424599,308.6916607,127094300
2020-10-29,306.7210999,309.9000225,302.1757619,303.8674845,90597700
2020-10-30,303.5235596,306.4515235,299.8612715,305.1409051,120287300
2020-11-02,306.9255981,308.9333238,304.1742157,306.9255981,86068300
2020-11-03,312.344696,314.408219,307.0092929,310.1696359,93294200
2020-11-04,319.3252563,323.4151124,315.6536646,316.8341372,126959700
2020-11-05,325.5530396,327.3656036,324.2703054,324.6235254,82039700
2020-11-06,325.4786377,326.7334873,323.1455484,325.2648393,74973000
2020-11-09,329.568573,338.6964098,329.1038159,338.3153056,172304200
2020-11-10,329.085144,330.1447753,325.8039608,328.5738943,85552000
2020-11-11,331.5298462,332.3570991,330.0333136,331.2788592,58649000
2020-11-12,328.3136902,331.576294,326.5011546,330.5166342,67546200
2020-11-13,332.8590088,333.6026087,329.7079423,330.228468,62892200
2020-11-16,337.0139465,337.2091366,334.2439842,335.5360225,74541100
2020-11-17,335.201355,336.4097403,333.0820641,334.5971765,66111000
2020-11-18,331.1672974,336.0193623,331.1301089,335.4709524,70591300
2020-11-19,332.561615,332.933415,329.1874736,330.5352807,59940900
2020-11-20,330.2843018,332.5058545,330.2099531,332.3013603,70417300
2020-11-23,332.2640381,333.5281918,329.8566004,332.0967324,63230600
2020-11-24,337.6181335,338.1665435,333.9651497,334.8202869,62415900
2020-11-25,337.0975952,337.5623523,336.0007754,337.534468,45330900
2020-11-27,338.0364075,338.5104404,337.0232121,338.194409,28514100
2020-11-30,336.539917,337.5251998,333.8536356,337.2556327,83872700
2020-12-01,340.2207031,341.7636998,339.2075363,339.8024388,74231400
2020-12-02,340.9364624,341.0944639,338.5290244,339.1053186,45927000
2020-12-03,340.8435059,342.2377769,339.7373819,340.8342016,62882000
2020-12-04,343.7808228,343.7808228,341.3361959,341.429153,50749900
2020-12-07,343.0744019,343.5670433,341.8009719,343.0093291,48944300
2020-12-08,344.0782166,344.6452065,341.7544315,341.8008959,42458900
2020-12-09,340.9922791,344.8962215,340.155722,344.73822,74098300
2020-12-10,340.8807373,341.9310645,338.7428377,339.6165833,57735400
2020-12-11,340.4810181,340.8900066,337.6553155,339.1797039,57698600
2020-12-14,338.956604,343.7342916,338.7799941,342.6560802,69216200
2020-12-15,343.5391235,343.5391235,340.1278226,341.5034853,63865300
2020-12-16,344.0782166,344.9984264,342.8698313,343.752881,58420500
2020-12-17,346.0023499,346.2068441,344.8962257,345.7235069,64119500
2020-12-18,344.6208496,346.4597995,342.6045369,346.2917805,136542300
2020-12-21,343.3885803,353.2834349,337.946426,340.6908486,96386700
2020-12-22,342.8098145,343.8273002,341.6803161,343.7152876,47949000
2020-12-23,343.1179504,345.0315658,342.791228,343.7807108,46201400
2020-12-24,344.4527283,344.4807314,343.0058515,343.5939176,26457900
2020-12-28,347.4118652,347.8039093,346.3850357,347.0104488,39000400
2020-12-29,346.7491455,349.1201836,346.1610508,348.9428208,53680500
2020-12-30,347.2438049,348.2799783,346.8517609,347.5705273,49455300
2020-12-31,349.0080872,349.7361975,346.5343809,347.0477814,78520700
2021-01-04,344.2567139,350.4736691,340.550812,350.3429688,110210800
2021-01-05,346.6277161,347.7198958,343.5659152,343.6126061,66426200
2021-01-06,348.7000427,351.9018879,344.5647498,345.1154973,107997700
2021-01-07,353.8808899,354.6276596,350.9030981,351.0804608,68766800
2021-01-08,355.8972168,356.1118981,352.0139516,355.2717751,71677200
2021-01-11,353.4981995,355.2624551,352.5927262,352.7140827,51034700
2021-01-12,353.5728149,354.5903007,351.3231336,353.684856,52547700
2021-01-13,354.5250244,355.5238226,352.7140778,353.4981946,45303600
2021-01-14,353.2834473,355.7758416,352.9474095,355.2717564,49989100
2021-01-15,350.7071228,352.4620346,348.8401699,351.6592586,107160000
2021-01-19,353.4607239,354.002156,351.687125,353.1713486,51233300
2021-01-20,358.3522949,359.192418,355.3651588,355.757203,61836100
2021-01-21,358.678894,359.3416827,357.7547617,358.9122631,47840100
2021-01-22,357.4094543,358.5762999,356.4386309,356.8213596,52860500
2021-01-25,358.8189392,359.1736362,353.2834036,358.1468352,70402000
2021-01-26,358.2589722,360.1819316,358.025603,359.7711996,42665300
2021-01-27,349.5028381,355.0196861,347.2625009,354.9263327,123351100
2021-01-28,352.508667,356.5226038,350.8844273,351.3231338,94198100
2021-01-29,345.4515991,351.6125487,343.7713246,350.6417253,126765100
2021-02-01,351.2018127,352.2379578,345.7409705,348.858778,75817600
2021-02-02,356.1678162,357.7267339,351.2857541,354.3942172,64450700
2021-02-03,356.4479065,358.1748432,355.1690486,356.9986541,52427100
2021-02-04,360.4992676,360.54593,356.5599959,357.4841284,47142600
2021-02-05,361.9180298,362.6274808,360.4524939,362.3754525,48669800
2021-02-08,364.5318909,364.5785533,362.5155784,363.3743607,38365200
2021-02-09,364.2890625,364.8865009,363.2809208,363.6916241,35551100
2021-02-10,364.1304321,366.1840914,361.7220757,366.0347318,59154400
2021-02-11,364.7185669,365.633384,362.2822071,365.2133083,42913300
2021-02-12,366.5201111,366.7627955,363.8410104,363.9157045,50593300
2021-02-16,366.2026978,367.9483222,365.4839313,367.7522716,50972400
2021-02-17,366.2867737,366.538802,363.43031,364.4478243,52290600
2021-02-18,364.7279053,365.474675,361.9461353,363.6730724,59712800
2021-02-19,364.0837402,366.2774151,363.6356614,365.9880398,83241000
2021-02-22,361.2833862,363.7010868,361.0126701,361.3113894,67414200
2021-02-23,361.7220154,363.0755672,354.9076507,359.0709465,107284100
2021-02-24,365.7080383,366.137458,359.6404417,360.6299244,72433900
2021-02-25,356.8960571,365.8107748,355.44918,364.4385632,146670500
2021-02-26,355.0570679,359.9298158,353.0687871,358.7816581,152701600
2021-03-01,363.6636658,364.914549,355.2530641,359.9391046,105348800
2021-03-02,360.8259277,364.1210978,360.3218426,363.8877288,79595300
2021-03-03,356.0465698,361.0966519,355.9438726,360.125857,119940200
2021-03-04,351.640564,358.4549301,347.141201,355.8598669,183433000
2021-03-05,358.1094971,359.1643298,347.8506022,355.1503648,152039600
2021-03-08,356.3265991,361.8901103,356.0465676,359.0710219,123149200
2021-03-09,361.414032,363.9717479,359.6777512,360.1818364,113633600
2021-03-10,363.6636658,365.3625994,362.3474893,363.766363,109899400
2021-03-11,367.3509521,369.3299175,365.6800215,366.1374443,86245000
2021-03-12,367.8456421,367.9856578,365.1759137,365.9880335,64653600
2021-03-15,370.0393372,370.3007094,365.9507065,368.0976905,73427200
2021-03-16,369.5726013,371.3648598,368.7978,370.6554372,73722500
2021-03-17,370.8328552,371.6356313,367.1362681,368.2844543,97959300
2021-03-18,365.4373474,370.3287546,364.7558994,368.2377766,115349100
2021-03-19,364.7611694,366.7185215,362.5790298,365.1357772,113624500
2021-03-22,367.6737976,369.0598779,365.2200836,365.2762734,73778600
2021-03-23,364.7798462,368.4885113,363.9931614,367.0368957,90686600
2021-03-24,362.9255371,367.8236188,362.8787219,366.1846847,97588600
2021-03-25,364.9671936,365.7632244,359.535281,361.4832871,116128600
2021-03-26,370.8486023,371.2513049,365.5197236,366.1190902,114409100
2021-03-29,370.6612244,371.569663,367.8797188,369.3688036,108107600
2021-03-30,369.677948,370.3522534,368.0764548,369.3876248,76262200
2021-03-31,371.1763916,372.7404155,370.2211375,370.2492324,112734200
2021-04-01,375.1847229,375.2409412,372.908953,373.1149916,99682900
2021-04-05,380.5698242,381.1130298,377.7789721,377.8538822,91684800
2021-04-06,380.3450623,381.3939754,379.6707568,380.0079238,62021000
2021-04-07,380.7851868,381.1316996,379.7175533,380.1764457,55836300
2021-04-08,382.5927734,382.6489632,381.1036881,382.0402219,57863100
2021-04-09,385.3742065,385.5428043,382.3492213,382.4709752,61104600
2021-04-12,385.51474,385.7863142,384.1661292,384.7748704,56704900
2021-04-13,386.6572876,387.2847777,385.0277281,385.4117104,56551000
2021-04-14,385.336792,387.6874721,384.7935865,386.6291845,61659900
2021-04-15,389.4763184,389.7479212,387.4346815,387.4814967,60229800
2021-04-16,390.7780762,391.3868174,389.3451807,390.7687017,82037300
2021-04-19,388.8582153,390.291111,387.5283533,389.841593,78498500
2021-04-20,386.0111084,388.7457708,384.5313691,387.6406679,81851800
2021-04-21,389.6635742,389.8696128,385.25248,385.3929829,66793000
2021-04-22,386.1047363,390.3285124,385.0371028,389.4950123,97582800
2021-04-23,390.2910461,391.7052212,386.5917552,386.6666653,73209200
2021-04-26,391.1058655,391.677166,390.3566499,390.9466707,52182400
2021-04-27,391.0215454,391.6022203,389.8789731,391.4055277,51303100
2021-04-28,390.9091492,392.4169832,390.4408823,391.2931314,51238900
2021-04-29,393.4003296,394.0184452,390.0100823,393.6438375,78544300
2021-04-30,390.8154907,391.9768119,389.9164264,391.1245628,85527000
2021-05-03,391.6584473,393.1943478,391.1620855,392.8103655,68128300
2021-05-04,389.242157,390.1599704,385.5428658,389.6636086,101591200
2021-05-05,389.3638916,391.1245796,388.8019657,390.8904461,60162200
2021-05-06,392.473175,392.6042749,387.4252448,389.4387865,74321400
2021-05-07,395.3296509,395.985236,392.5575188,393.2411988,67733800
2021-05-10,391.414917,395.9102676,391.293163,395.6855086,81852400
2021-05-11,387.9215698,388.9142931,384.0349611,386.8820313,116888000
2021-05-12,379.6801758,386.4044817,378.3596597,385.1308094,134811000
2021-05-13,384.2409973,386.1796287,381.1878887,381.2347325,106394000
2021-05-14,390.1412048,390.9934539,386.9569959,386.9850908,82201600
2021-05-17,389.1485291,389.9633375,387.1256125,389.0268037,65129200
2021-05-18,385.7956848,389.654199,385.6364615,389.4106911,59810200
2021-05-19,384.7842102,384.9621539,379.6051801,381.0942938,106467100
2021-05-20,388.9236145,390.1879404,385.5427424,385.6644678,78022200
2021-05-21,388.6052246,391.6583331,388.1463323,390.4127275,76578700
2021-05-24,392.5667725,393.6437803,390.6093922,390.8529001,51376700
2021-05-25,391.6958618,394.0091013,391.1152155,393.6532139,57451400
2021-05-26,392.473175,392.9788827,391.2463182,392.2858569,43088600
2021-05-27,392.6792297,394.0184661,392.3982525,393.503384,56707700
2021-05-28,393.3816223,394.5148201,393.1474889,394.2525918,58520200
2021-06-01,393.0350647,395.8914807,392.5948928,395.7510064,54216600
2021-06-02,393.6531677,394.4960709,392.6791933,393.6906371,49097100
2021-06-03,392.1921387,393.3347107,389.8601793,391.3305438,58138800
2021-06-04,395.7791138,396.0788114,392.2577382,394.0465209,55938800
2021-06-07,395.3951416,395.947693,394.458608,395.7697493,51555000
2021-06-08,395.4794312,396.3504006,393.6438332,396.2567415,47134300
2021-06-09,394.8894348,396.397269,394.6646759,396.3223303,48436300
2021-06-10,396.7250671,397.6803499,394.7958098,396.1163259,51020100
2021-06-11,397.3806152,397.4929947,395.9851892,397.2776102,45570800
2021-06-14,398.2703247,398.3733297,396.2474085,397.4929857,42358500
2021-06-15,397.5398865,398.4576713,396.6595424,398.4202306,51508500
2021-06-16,395.3202515,397.9050938,393.2692688,397.6803348,80386100
2021-06-17,395.1890869,396.1724358,392.7072786,394.9081383,90949700
2021-06-18,389.8578796,392.5920836,389.651167,391.8967905,118676300
2021-06-21,395.4389954,395.6269263,390.8067865,391.6242318,72822000
2021-06-22,397.5531616,398.3894173,394.7061818,395.4296904,57700300
2021-06-23,397.0739746,398.436374,396.9894143,397.6283338,49445400
2021-06-24,399.4229736,399.8457754,398.9719564,399.2256662,45110300
2021-06-25,400.8417664,401.2927836,399.8457951,400.17466,58129500
2021-06-28,401.6497803,401.818901,400.1652287,401.3679125,53159600
2021-06-29,401.8659973,402.6740377,401.3304197,402.035118,35970500
2021-06-30,402.2041626,402.880674,401.3773121,401.4054989,64827900
2021-07-01,404.4309998,404.590744,402.899451,402.9652298,53441000
2021-07-02,407.5223389,407.8793906,404.5156146,405.5961749,57697700
2021-07-06,406.7799988,407.7947803,404.0363897,407.5786625,68710400
2021-07-07,408.2175598,408.4994563,405.4457641,407.4658932,63549500
2021-07-08,404.8913879,405.6524597,401.6967333,402.8806354,97595200
2021-07-09,409.2135315,409.5142096,404.6940694,406.4041439,76238600
2021-07-12,410.6792908,410.9330005,408.6967537,409.1289605,52889600
2021-07-13,409.2793579,411.3934527,409.0162717,409.8900907,52911300
2021-07-14,409.8901062,411.4686522,408.6404538,410.980043,64130400
2021-07-15,408.4900818,409.2229668,406.5826997,408.5464554,55126400
2021-07-16,405.2860718,409.7209741,404.8914568,409.6740057,75874700
2021-07-19,399.3008118,405.3518229,396.4820188,400.447122,147987000
2021-07-20,405.0229492,406.3008169,399.1692457,399.9679094,99608200
2021-07-21,408.3021851,408.4431477,404.9760297,406.2256821,64724400
2021-07-22,409.1571655,409.4014701,407.4940881,408.4806541,47878500
2021-07-23,413.3666077,413.7048491,410.4068807,411.0927687,63766600
2021-07-26,414.3812866,414.3906918,412.7276145,412.7745829,43719200
2021-07-27,412.4927368,413.3665557,409.6551338,413.3383689,67397100
2021-07-28,412.3236084,413.704818,410.8954303,413.1222721,52472400
2021-07-29,414.0336914,415.1142229,413.2444328,413.253838,47435300
2021-07-30,412.0229492,413.479314,411.3276275,411.4591849,68951200
2021-08-02,411.1584778,414.2967301,410.8014261,413.742371,58783300
2021-08-03,414.50354,414.6256923,409.7585829,411.9572382,58053900
2021-08-04,412.4645996,414.4753237,412.2297002,413.2162663,46732200
2021-08-05,415.0766602,415.1612205,413.310212,413.6296718,38969700
2021-08-06,415.7625427,416.1853731,415.1142181,415.3961146,46930000
2021-08-09,415.4242859,416.0538002,414.653809,415.7343405,41222600
2021-08-10,415.9411316,416.6552351,415.1894648,415.8753529,43339300
2021-08-11,416.9745789,417.0685443,415.8846423,417.0121708,44034300
2021-08-12,418.2243042,418.3652668,415.9223071,416.8243128,38909400
2021-08-13,418.985321,419.0041027,418.1866575,418.6752378,39470300
2021-08-16,419.9719849,420.1035136,416.1196286,417.6793642,73740000
2021-08-17,417.2189331,418.0833469,414.2216144,417.4068354,92673900
2021-08-18,412.6524658,417.7732842,412.4081899,416.2041436,89351900
2021-08-19,413.2913818,414.4940943,409.777296,409.9182299,92812200
2021-08-20,416.5799255,416.9087904,413.1504005,413.6390095,72008700
2021-08-23,420.2444153,421.1558261,416.6551457,418.2712547,54973000
2021-08-24,420.911499,421.4470765,420.3947319,420.911499,38744700
2021-08-25,421.7947998,422.3115671,420.7236447,421.0995067,40529700
2021-08-26,419.3048706,421.7478016,419.2109051,421.5129022,57829600
2021-08-27,423.053833,423.4296663,420.0565143,420.1128878,77235100
2021-08-30,424.9142761,425.7035347,423.4860693,423.7303739,48357400
2021-08-31,424.2847595,425.1585786,423.6834319,424.8203371,59300200
2021-09-01,424.5102234,425.7410941,424.275324,425.2243268,48721400
2021-09-02,425.8163452,426.6243856,424.6136611,425.9384975,42501000
2021-09-03,425.7128601,426.229656,424.275277,424.6793257,47170500
2021-09-07,424.1907043,425.4591668,423.514193,425.3652013,51671500
2021-09-08,423.6739807,424.3880841,421.7477883,423.6551991,56181900
2021-09-09,421.8605652,425.2337173,421.6162606,423.4766743,57970400
2021-09-10,418.5344543,424.2190097,418.412302,423.7962079,89948200
2021-09-13,419.6054993,421.804183,417.284692,421.5410968,83738600
2021-09-14,417.341095,421.2592011,416.4484657,421.0524884,78197100
2021-09-15,420.8269958,421.3249815,416.65518,417.7638984,78792200
2021-09-16,420.1598816,421.2779764,417.2001261,420.3008155,77786700
2021-09-17,416.0671082,419.8092625,415.7089126,419.3851063,118425000
2021-09-20,409.1295166,411.504878,404.2467861,409.9213037,166445500
2021-09-21,408.742981,412.7773408,408.2151229,411.4765375,92526100
2021-09-22,412.7301941,414.7756655,408.8560902,411.0240765,102350100
2021-09-23,417.7449341,419.3568142,414.3704107,414.6060626,76396000
2021-09-24,418.433075,419.1494662,415.8880221,416.1048323,62094800
2021-09-27,417.2359619,418.5650137,416.5384125,417.3961891,61371100
2021-09-28,408.8278503,414.7851385,408.0926174,414.45522,130436300
2021-09-29,409.5159302,411.9572807,408.9503598,410.2134507,82329200
2021-09-30,404.5107117,411.7027848,404.1713579,410.995829,140506000
2021-10-01,409.3179626,411.0052385,402.7103022,406.2450811,129240100
2021-10-04,404.0394287,409.0540804,401.8902553,408.149185,128570000
2021-10-05,408.2434692,410.4962871,404.7464021,405.5475958,90682500
2021-10-06,409.940155,410.1475299,403.0025749,404.6332681,113032200
2021-10-07,413.484314,416.330979,413.0507225,413.2298202,72437500
2021-10-08,412.7301941,414.6437153,412.098663,414.2572427,74557400
2021-10-11,409.742157,414.9924889,409.6761675,412.0703992,65233300
2021-10-12,408.7335815,411.0712592,407.9417945,410.6659448,71181200
2021-10-13,410.2040405,411.0241047,406.7729632,409.7610137,72974000
2021-10-14,417.1039429,417.2547636,413.4089077,413.8802116,70236800
2021-10-15,420.2805481,420.648179,418.6027073,419.2248319,66260200
2021-10-18,421.5247803,421.8641053,417.8297451,418.489582,62213200
2021-10-19,424.776825,424.8427856,422.5428201,423.1555383,46996800
2021-10-20,426.4452209,426.7468624,425.1255757,425.238684,49571600
2021-10-21,427.5574341,427.7836507,425.4082896,425.8418811,41305400
2021-10-22,427.1144714,428.5755309,425.1632662,427.1239067,58845100
2021-10-25,429.4049683,429.7348867,426.426353,428.2078667,45214500
2021-10-26,429.7914734,432.1762701,429.414436,430.9603267,56075100
2021-10-27,427.8873596,430.9225577,427.8119349,430.2533143,72438000
2021-10-28,432.0160217,432.0914177,429.3107419,429.3201484,51437900
2021-10-29,432.8926086,433.1848147,429.4143837,429.7065898,70162400
2021-11-01,433.6372986,434.2594232,431.9029037,433.8823571,48433600
2021-11-02,435.3905334,435.7016101,433.6749804,433.8069593,48908400
2021-11-03,438.0487061,438.4540205,434.3819478,434.8249747,52509800
2021-11-04,440.1130066,440.1978378,438.303187,438.6519473,52847100
2021-11-05,441.6400757,443.6383998,440.1224908,442.3470316,66390600
2021-11-08,442.0171204,443.2425279,441.329035,442.7429469,50405200
2021-11-09,440.5560913,442.6204049,439.1421794,442.384753,51149100
2021-11-10,437.0118103,440.5560247,435.5225027,438.8593135,69429700
2021-11-11,437.1532288,438.5860111,437.134387,438.5105864,34848500
2021-11-12,440.4523315,441.0084667,437.4736875,438.4257305,53466700
2021-11-15,440.6031494,441.9039528,439.4720373,441.7437255,46980500
2021-11-16,442.3469543,443.4875016,440.2637993,440.3391953,48857500
2021-11-17,441.2724609,442.2621877,440.6503363,442.0830899,47858300
2021-11-18,442.7712097,443.0351388,439.5757552,442.3093123,50625600
2021-11-19,441.9794006,443.9117352,441.6117698,442.6580507,57315600
2021-11-22,440.7351379,446.3625077,440.5277631,443.8646028,72762000
2021-11-23,441.319519,442.1772955,437.7941753,440.4051884,73206500
2021-11-24,442.4978333,442.6203769,438.4917499,439.3118141,61858800
2021-11-26,432.6286926,437.2757421,431.4975518,435.8052762,112669600
2021-11-29,437.9356384,439.7831419,435.2303583,437.4360574,86268800
2021-11-30,429.4143982,437.3982872,429.169311,435.4847946,148559600
2021-12-01,424.6447754,438.0015394,424.4468358,435.1454391,131939200
2021-12-02,431.1488342,432.723002,424.4657479,424.8616558,127637800
2021-12-03,427.3972168,433.8823339,423.1554819,432.8172113,137331600
2021-12-06,432.4589539,434.3441691,427.5291057,429.9516142,98977500
2021-12-07,441.4043884,441.9699589,432.3270705,437.7565008,95484700
2021-12-08,442.5731506,443.0256127,440.0375337,441.8002342,72238800
2021-12-09,439.5852051,442.6769579,439.3872655,441.2818878,61272600
2021-12-10,443.7232056,443.8740263,439.7359928,442.2998873,77159800
2021-12-13,439.7926025,443.5535991,439.5098029,443.2048387,87724700
2021-12-14,436.7667542,439.0101654,433.8352576,436.5122604,97264100
2021-12-15,443.591217,443.8362755,434.2970896,436.8233002,116899300
2021-12-16,439.6794128,445.7309387,438.124087,445.4481679,116568600
2021-12-17,434.999939,439.6065617,433.2878272,436.5890766,135511600
2021-12-20,430.3744507,430.7717207,426.7421234,429.9014909,107134800
2021-12-21,438.0174255,438.1593077,431.6324697,433.8080728,69806300
2021-12-22,442.3970947,442.5106004,437.5634311,437.7620949,58890200
2021-12-23,445.1496582,446.6536665,443.2956643,443.3997016,56439700
2021-12-27,451.4494629,451.4967473,446.4833865,446.5306709,56808600
2021-12-28,451.0805664,452.9156523,450.314374,451.8846036,47274600
2021-12-29,451.6575928,452.679173,450.1819609,451.1846331,54503000
2021-12-30,450.4089966,453.0954043,449.9455053,452.0832636,55329000
2021-12-31,449.2738342,451.0710752,448.9995384,449.9170813,65237400
2022-01-03,451.8751526,452.0075952,448.2239175,450.5414028,72668200
2022-01-04,451.7237244,454.0223301,449.8602623,453.3034222,71178700
2022-01-05,443.0497131,452.1305447,442.9551154,451.3548839,104538900
2022-01-06,442.6335144,445.3577668,440.2592475,442.58623,86858900
2022-01-07,440.883606,443.8254305,439.5214796,442.6430312,85111600
2022-01-10,440.3349304,440.5524734,431.9067855,437.6768993,119362000
2022-01-11,444.3456726,444.4402703,437.0620811,440.070127,74303100
2022-01-12,445.5469055,447.6090316,443.579406,446.0860865,67605400
2022-01-13,439.407959,447.3063921,438.3769103,446.6537054,91173100
2022-01-14,439.5876465,439.937632,435.0283082,436.2485523,95890900
2022-01-18,431.8027344,435.0850758,430.6865564,434.8769724,109709100
2022-01-19,427.3191223,434.7540355,427.0447976,433.3540932,109357600
2022-01-20,422.5895081,433.9310729,420.4611893,429.2109441,122379700
2022-01-21,414.2938232,423.8286789,414.2654468,421.4638802,202271200
2022-01-24,416.0531616,416.5639662,398.0050332,408.6655338,251783900
2022-01-25,410.9736328,415.93971,404.0494954,409.6398829,167997300
2022-01-26,409.9425049,420.0260079,405.6669312,416.885549,186391100
2022-01-27,407.9182739,417.7085455,406.225099,414.5586466,149878300
2022-01-28,418.0490417,418.0963262,404.6831976,409.2803515,164457400
2022-01-31,425.5785828,425.9285683,416.0247915,417.3774492,152251400
2022-02-01,428.4541931,429.0974114,422.7692084,426.3069377,123155400
2022-02-02,432.6161804,433.3445279,428.5487103,430.866224,117361000
2022-02-03,422.4476318,428.4731341,421.6057497,426.5623872,118024400
2022-02-04,424.4340515,428.29339,419.8273997,422.2111351,118454400
2022-02-07,423.0718689,426.6001294,421.7381192,425.2001873,84472900
2022-02-08,426.5528259,427.4798372,421.1421667,422.570514,81012000
2022-02-09,432.79599,433.1175991,430.402815,430.60145,92589900
2022-02-10,425.0205688,432.9568187,423.0152241,426.9313159,140103700
2022-02-11,416.6396484,427.1866439,415.2018613,425.1056386,153214600
2022-02-14,415.2774658,417.7179537,411.7964898,416.1288163,123006300
2022-02-15,421.9746399,422.1448985,419.2125426,419.7328156,88482700
2022-02-16,422.4476318,423.8286661,418.0396437,419.9220142,84863600
2022-02-17,413.4235535,422.4192567,412.81818,419.2504208,102259100
2022-02-18,410.746582,414.9369979,408.4669129,413.678909,132642900
2022-02-22,406.3385315,411.9478256,402.8291504,408.533071,124391800
2022-02-23,399.1307068,409.829053,398.5631494,409.2614956,132578000
2022-02-24,405.1373291,405.5724729,388.4324154,388.7918405,213942900
2022-02-25,414.0762024,414.1613317,404.721046,406.3764049,121804500
2022-02-28,413.0167542,414.5018544,407.4074596,408.6655195,145615000
2022-03-01,406.7264404,413.5276033,404.0116275,411.5127904,137785900
2022-03-02,414.2086487,415.9396684,408.2304313,408.9871553,117726500
2022-03-03,412.1465149,417.2544736,410.3398055,416.6491003,105501700
2022-03-04,408.7980042,409.9330901,404.7400018,408.4007053,113978200
2022-03-07,396.7470398,408.9210201,396.6808185,408.2115804,137896600
2022-03-08,393.7390137,404.1062839,392.67012,396.9267579,164772700
2022-03-09,404.2954407,406.2818773,399.9536738,402.1482139,116990800
2022-03-10,402.4697876,403.3683937,397.7023458,399.6698455,93972700
2022-03-11,397.352417,405.5818994,396.8416124,404.9670575,95636300
2022-03-14,394.4483643,401.5900437,393.3038099,398.1280043,95729200
2022-03-15,403.1224976,403.7562474,395.791622,397.0685901,106219100
2022-03-16,412.0613708,412.1181237,401.8265168,406.6412716,144954800
2022-03-17,417.2167053,417.2167053,409.7628553,410.1412173,102676900
2022-03-18,421.7864075,422.1090158,414.8597547,415.5998629,106345500
2022-03-21,421.6630249,423.627139,418.1427408,421.6155646,88349800
2022-03-22,426.5970764,427.5364366,423.0578256,423.0578256,74650400
2022-03-23,421.1031799,425.5533264,421.0177862,424.0541434,79426100
2022-03-24,427.4510193,427.4605171,422.0140816,423.1337271,64736900
2022-03-25,429.5385437,429.8137206,425.4963992,428.0867921,77101300
2022-03-28,432.5938416,432.5938416,427.0430166,428.9407326,68529800
2022-03-29,437.9454041,438.4388288,433.7988992,436.4936525,86581500
2022-03-30,435.2411804,437.6133254,433.1252166,436.7972925,79666900
2022-03-31,428.5421753,435.2980386,428.0867131,434.4725369,121699900
2022-04-01,429.7567749,430.2691374,426.1700928,430.1268145,89048800
2022-04-04,433.4382629,433.5426524,429.1304691,429.9559708,59601000
2022-04-05,427.9633789,434.4156011,426.815269,431.9390958,74214500
2022-04-06,423.684082,425.9708334,420.7900766,424.0351838,106898000
2022-04-07,425.8189697,427.6407897,420.8469634,422.8016084,78097200
2022-04-08,424.6803894,427.5838926,423.1337462,425.0599268,79272700
2022-04-11,417.4216309,422.2418168,416.9187373,421.3973193,89770500
2022-04-12,415.875,422.9534729,414.3188589,420.4200092,84363600
2022-04-13,420.6382141,421.3972889,415.44796,415.6282453,74070400
2022-04-14,415.4005432,421.9856199,415.2961538,420.8659455,97869500
2022-04-18,415.5713501,417.2603162,413.3320301,414.4706713,66002500
2022-04-19,422.2797241,423.0008364,415.296115,415.4669025,77821000
2022-04-20,421.9666138,424.6803626,420.799537,424.0636107,65224400
2022-04-21,415.6567383,426.9956031,414.7458427,425.6007807,85417300
2022-04-22,404.2514343,415.6756628,403.6821138,414.5655152,132471800
2022-04-25,406.5951538,406.7659413,397.4196841,402.0026845,119647700
2022-04-26,394.8197937,404.2514439,394.7913291,404.0521629,103996300
2022-04-27,395.9300232,401.2910948,393.7856235,395.9015586,122030000
2022-04-28,405.9309692,407.6673957,396.2431364,400.6932831,105449100
2022-04-29,390.9294739,404.090129,390.179868,401.926734,145491100
2022-05-02,393.2826843,394.6490422,384.3064666,390.995933,158312500
2022-05-03,395.0855408,397.5051173,392.2199708,393.7856098,100028200
2022-05-04,407.1170349,407.6863555,392.552058,395.749705,144247900
2022-05-05,392.6469727,403.2646972,388.5004673,402.8376995,172929100
2022-05-06,390.3032532,393.5862938,384.9801736,390.0755365,151770800
2022-05-09,377.8068237,385.6254048,376.222218,384.3824031,155586100
2022-05-10,378.6797791,385.312288,374.6281654,383.803607,132497200
2022-05-11,372.6640015,383.376617,371.9143955,377.7119333,142361000
2022-05-12,372.2749634,375.5580041,365.4526717,369.4568538,125090800
2022-05-13,381.1752625,382.5605871,375.3777246,376.4214743,104174400
2022-05-16,379.6286011,383.3101748,377.2659539,379.5242406,78622400
2022-05-17,387.4377441,387.6749587,381.991279,385.73928,83029700
2022-05-18,371.8194885,383.1488556,370.5764868,382.8642097,117674500
2022-05-19,369.5422363,373.9829139,367.3124142,368.7451991,98510700
2022-05-20,369.7035522,376.7250958,361.0784364,373.1384136,131432200
2022-05-23,376.620697,377.3892696,370.4151581,372.7398427,76414900
2022-05-24,373.7457581,374.9412997,367.1701489,372.4837605,91448800
2022-05-25,377.04776,379.0214012,371.8480359,372.2465401,91472900
2022-05-26,384.5816345,386.2231693,378.0724825,378.2812324,82168300
2022-05-27,394.0227966,394.136655,386.8494322,387.0486843,84768700
2022-05-31,391.8119202,395.1613877,389.0602378,392.4002075,95937000
2022-06-01,388.6427917,394.9526924,386.1188257,393.9374362,86585800
2022-06-02,396.0438843,396.0913156,386.2231974,388.4814843,79609600
2022-06-03,389.5441895,392.8651926,388.5668668,391.3090515,71874300
2022-06-06,390.7302551,395.3037288,389.5536515,393.5673314,57508900
2022-06-07,394.4782104,394.9336727,386.7639904,387.2289505,59272400
2022-06-08,390.1894226,394.5541756,389.3923853,392.7608199,64350000
2022-06-09,380.9095764,390.6828027,380.9095764,388.4055492,86289800
2022-06-10,369.8648376,375.5390189,369.8174063,374.6850525,132893900
2022-06-13,355.8218384,362.2835606,354.2087678,360.4238066,170004900
2022-06-14,354.7495117,358.6113705,351.6372588,357.5771188,104011800
2022-06-15,359.8070068,364.2666226,353.0890752,358.0610824,125666800
2022-06-16,347.8988647,351.9694747,345.4602921,351.5614726,134473300
2022-06-17,348.6487732,352.0031999,345.1323892,348.3152616,111113900
2022-06-21,357.4255371,358.816846,354.3188884,354.3951413,76811900
2022-06-22,356.7774963,360.9037863,352.7655274,353.1848307,90059400
2022-06-23,360.2748718,361.0086381,355.3481011,358.9216894,79292100
2022-06-24,371.7293396,371.7388785,363.4290948,363.4576824,98050300
2022-06-27,370.3094177,372.9490972,369.2135234,372.6536829,66009600
2022-06-28,362.7430115,374.6645107,362.6286613,371.8723542,86548900
2022-06-29,362.4475403,364.2867397,360.6178797,363.2956857,65676000
2022-06-30,359.5028687,362.7524541,355.0335,358.5403732,112508300
2022-07-01,363.3052063,363.7435873,356.2152061,358.8453759,74839700
2022-07-05,363.9913635,364.0104413,355.3575774,358.1973991,81438000
2022-07-06,365.2206726,367.7174146,361.7423863,364.134288,70426200
2022-07-07,370.6906433,371.4911235,365.2397294,367.0027053,64525900
2022-07-08,370.3857727,372.263099,367.5173631,369.0516098,72397800
2022-07-11,366.1546021,368.6703929,365.4589331,367.6983874,58366900
2022-07-12,362.9145203,367.9937962,361.1610833,365.6018654,62219200
2022-07-13,361.008606,363.953268,357.0347925,357.4540958,84224600
2022-07-14,360.1318665,361.218222,353.5850586,356.0341352,89704800
2022-07-15,367.0122375,367.1265877,362.6381696,364.5535928,79060400
2022-07-18,363.9819031,370.7860003,362.7525805,370.109409,63203600
2022-07-19,373.8163757,374.3881557,367.260057,367.9175705,78506000
2022-07-20,376.198761,377.6186865,372.6347117,374.0069719,71843800
2022-07-21,380.0296326,380.0772688,373.2064587,375.6174381,64903900
2022-07-22,376.5037231,381.3542701,374.2738076,380.1535642,72197300
2022-07-25,376.9611511,377.8188065,374.7121578,377.1326764,53631500
2022-07-26,372.5013123,375.5221691,371.6055305,375.3125175,52946400
2022-07-27,382.1737976,383.9272346,375.5126099,375.8080242,82342100
2022-07-28,386.9671936,387.6628335,379.4197626,382.983841,73966600
2022-07-29,392.6086426,393.5997257,387.6342072,388.4060998,87003700
2022-08-01,391.4460754,393.9618955,389.1875724,389.90229,69997500
2022-08-02,388.8635254,393.571134,387.6818683,389.8736572,63435400
2022-08-03,394.9529419,396.1250601,390.7122727,390.9981481,67820600
2022-08-04,394.6861572,395.5628613,393.0375314,394.8767312,45656600
2022-08-05,394.0190125,394.667016,390.3310746,390.3882497,56814900
2022-08-08,393.561615,397.9738096,392.4561816,395.7153066,53886100
2022-08-09,391.9987793,393.332913,390.9219335,392.827847,44931800
2022-08-10,400.2323608,400.3753276,397.1162022,399.0792911,68665700
2022-08-11,400.2323608,404.959048,399.4890556,403.0912316,59489700
2022-08-12,407.0078735,407.1126848,401.2234185,402.1763754,61694500
2022-08-15,408.6850586,409.2092023,404.7302935,404.7874686,54048300
2022-08-16,409.4855957,411.4200971,406.7982502,407.6082694,59289000
2022-08-17,406.57901,409.2949427,404.5682851,405.8738313,63563400
2022-08-18,407.7607117,408.4468127,405.4831309,406.7791382,49023200
2022-08-19,402.281189,405.2544095,401.4044559,404.9875827,68016900
2022-08-22,393.9046936,397.6021706,392.999373,397.4306163,77695600
2022-08-23,392.9516907,395.8772746,392.3989595,393.4758052,49105200
2022-08-24,394.2096252,395.5818562,392.0368851,392.722986,49177800
2022-08-25,399.7749329,399.8225691,394.609894,395.7057885,50942300
2022-08-26,386.2429199,400.2037313,386.1857448,399.660568,103087000
2022-08-29,383.6889954,386.7479785,382.3262741,383.2792309,65370800
2022-08-30,379.4769592,385.0898893,377.3709326,384.8516501,85652400
2022-08-31,376.5894775,382.3643937,376.4560787,381.1160225,76029700
2022-09-01,377.7711487,378.1141992,371.6912796,374.4072123,78740100
2022-09-02,373.7878113,382.6693767,371.9676601,381.449593,99632100
2022-09-06,372.3773804,375.579301,370.1474651,374.6358832,76637400
2022-09-07,379.0671387,379.8390313,371.8437392,372.0629007,70964200
2022-09-08,381.5448303,382.002231,375.5793117,376.7895854,80821700
2022-09-09,387.4722595,388.3394537,383.5270042,383.793831,76706900
2022-09-12,391.6366882,392.3609448,389.2447572,389.5497103,69256300
2022-09-13,374.6072998,384.1368672,373.4828178,382.9265935,122947100
2022-09-14,376.0367737,377.5615104,372.7204734,375.9128846,85023700
2022-09-15,371.7674866,377.3327506,370.490528,374.4738803,87633800
2022-09-16,368.9312439,369.5914873,365.6300267,367.5725032,103084800
2022-09-19,371.7923889,371.7923889,365.6971225,365.7736885,73278500
2022-09-20,367.5247192,369.4671669,364.7593762,368.4528856,77274900
2022-09-21,361.113678,372.5195676,361.1040999,369.4575678,106746600
2022-09-22,358.0804138,361.9844363,357.3340553,360.3386163,89472600
2022-09-23,352.0808105,354.6356406,347.6217867,354.5973576,122346900
2022-09-26,348.5977783,354.2433131,347.3729842,350.6072139,92581200
2022-09-27,347.7078857,354.4251115,345.3061295,352.1477532,108294100
2022-09-28,354.5495911,356.2432431,346.9616072,348.6648373,110802200
2022-09-29,347.1434326,351.2770955,344.1867031,350.9900457,112952300
2022-09-30,341.7753296,350.1288277,341.6413828,346.1960709,153711200
2022-10-03,350.7986145,352.6549474,343.7177719,345.5071168,89756500
2022-10-04,361.6687012,361.6974061,350.7603725,356.3389202,103602800
2022-10-05,360.8266907,363.0944716,354.9515145,357.2862834,88065700
2022-10-06,357.1044617,362.3863819,356.6068698,359.4200744,82333500
2022-10-07,347.1434326,357.1905837,345.3732144,353.0568917,107789500
2022-10-10,344.4927979,348.502091,342.2441736,348.2628731,76042800
2022-10-11,342.3111877,347.373046,340.3687398,342.7896235,92482800
2022-10-12,341.1820679,344.301478,340.933272,342.722646,76991800
2022-10-13,350.1862183,351.6598084,333.0964803,334.1490447,147254500
2022-10-14,342.2059021,354.2911918,341.5647855,352.6549208,123737000
2022-10-17,350.9995422,352.1095165,341.8709817,348.3107362,93168200
2022-10-18,355.1236267,359.2573175,351.6693064,358.9511117,97162900
2022-10-19,352.6070557,355.8125802,349.7842738,353.0759132,79746900
2022-10-20,349.6503906,356.5972865,348.884876,352.1573891,88283100
2022-10-21,358.1473694,358.6353539,347.8610028,349.3728467,131038400
2022-10-24,362.5298767,363.6685561,357.0182879,359.6784185,85436900
2022-10-25,368.3189697,368.6347245,362.3385232,362.4533431,78846300
2022-10-26,365.5439758,370.8641781,364.9028884,365.1612331,104087300
2022-10-27,363.5919495,368.3954326,362.9699598,366.5486781,81971800
2022-10-28,372.2420349,372.7204705,363.3048611,363.486669,100302000
2022-10-31,369.5532837,371.6488343,368.6442734,369.7733746,96631300
2022-11-01,367.9361877,373.5530475,366.7592546,373.3138297,85407600
2022-11-02,358.7023621,371.8689213,358.5971202,367.3429093,126990400
2022-11-03,355.0089417,358.0613644,352.8846855,355.4490944,87100100
2022-11-04,360.1185303,362.5298355,354.0423915,360.7404908,103505200
2022-11-07,363.5632935,364.156549,359.3339091,361.4198817,68286900
2022-11-08,365.5248413,368.5102751,361.4294333,364.6732118,84641100
2022-11-09,357.9942932,364.7019709,357.4967014,363.5441355,78495500
2022-11-10,377.6676025,378.0025134,369.0079274,371.313962,141455800
2022-11-11,381.3228455,382.126614,376.6341521,378.528768,93839900
2022-11-14,378.07901,382.9207768,377.8015091,379.5526001,71903500
2022-11-15,381.3037109,384.958967,377.476225,383.8489926,93194500
2022-11-16,378.3948059,380.6243034,377.7632673,379.667432,68508500
2022-11-17,377.2369385,377.9163381,373.3137894,373.6199661,74496300
2022-11-18,378.9497681,380.6529979,376.088732,380.5860099,92922500
2022-11-21,377.5718994,378.7488618,375.7251445,377.6197605,51243200
2022-11-22,382.652832,382.815513,378.1076933,379.5238734,60429000
2022-11-23,385.0642395,385.5522241,382.088354,382.3179938,68261600
2022-11-25,384.9780884,385.5330902,384.2221809,384.4996526,30545400
2022-11-28,378.8349915,383.5236559,378.0694767,381.8778358,67881600
2022-11-29,378.1843262,380.1650279,376.337542,378.9689386,52310000
2022-11-30,390.09729,390.09729,376.5097349,378.4330264,144566700
2022-12-01,389.8102722,392.3172706,387.2936958,391.1403083,76398200
2022-12-02,389.3605042,390.2695144,384.7962386,384.9014804,85342700
2022-12-05,382.3562317,387.4659214,380.9974907,386.5282061,77289800
2022-12-06,376.8446655,382.7389971,374.7491439,382.1936026,77972200
2022-12-07,376.2035828,378.5766345,375.0649034,375.9930699,65927900
2022-12-08,379.1506653,380.2223564,376.3087564,378.0981302,60737900
2022-12-09,376.3183899,380.4712083,376.1939919,377.9067999,81447700
2022-12-12,381.7438965,381.7438965,376.4428202,377.1126127,75405800
2022-12-13,384.633606,392.7861399,381.8586847,392.5277952,123782500
2022-12-14,382.1743774,388.011298,379.2176487,384.2890548,108111300
2022-12-15,372.8257446,378.2033563,371.160798,377.294317,117705900
2022-12-16,368.4241943,371.6059806,366.2805912,370.2602148,119858000
2022-12-19,365.3000488,368.9528748,363.6274565,368.616426,79878100
2022-12-20,365.7999573,367.4244982,363.2141509,364.5407019,74427200
2022-12-21,371.2695007,372.4037867,367.8666134,368.4049196,78167400
2022-12-22,365.9729614,371.250299,360.2534206,368.2126969,100120900
2022-12-23,368.078125,368.2223089,363.3871453,364.9443905,59857300
2022-12-27,366.6265869,368.3088012,364.9443726,367.9627598,51638200
2022-12-28,362.070282,368.5396096,361.8395876,366.5593756,70911500
2022-12-29,368.5875854,369.4623404,364.3964533,364.9251668,66970900
2022-12-30,367.6166687,367.7608526,363.7716076,365.896025,84022200
2023-01-03,366.0690308,371.4617146,363.1948278,369.4815106,74850700
2023-01-04,368.8952026,370.9330805,365.2808355,368.3376523,85934100
2023-01-05,364.684845,367.0495495,364.0888652,366.9342023,76970500
2023-01-06,373.047821,374.1725143,364.7136674,367.7896987,104189600
2023-01-09,372.8363953,378.4502112,372.6537818,375.2491809,73978100
2023-01-10,375.4510193,375.5183149,371.3079678,372.2500185,65358100
2023-01-11,380.199646,380.2765636,376.2200229,377.0371042,68881100
2023-01-12,381.5838318,383.0545664,377.2197088,381.305086,90157700
2023-01-13,383.0643005,383.6410657,378.1041671,378.3733202,63903900
2023-01-17,382.3625183,384.7272523,381.6800281,383.0450378,62677300
2023-01-18,376.3257446,384.6214689,376.1238871,383.5544785,99632300
2023-01-19,373.5861816,375.9316421,372.2596308,374.2782645,86958900
2023-01-20,380.5457764,380.6995824,373.3362854,374.9896632,91806400
2023-01-23,385.1118164,387.0535622,380.3919991,381.3532646,84178800
2023-01-24,384.6984558,385.6116404,382.2376185,383.4295783,59524900
2023-01-25,384.8425903,385.1790391,378.3155904,380.6130286,84800300
2023-01-26,389.072113,389.235541,384.5349398,387.514868,72287400
2023-01-27,389.9660645,392.3500127,387.8128398,388.0243193,68346200
2023-01-30,385.0732727,389.4374255,384.7752828,387.1976609,74202000
2023-01-31,390.7351685,390.78322,385.2463219,385.5923927,86811800
2023-02-01,394.8877563,397.6466123,386.7650825,389.5142871,101459200
2023-02-02,400.6362,402.1069349,396.8872707,398.7905574,101654500
2023-02-03,396.3777466,400.8187875,395.1665429,395.6471756,94736800
2023-02-06,393.9554138,395.3588825,392.2924433,393.9169843,60295300
2023-02-07,399.1078186,400.357452,391.7829803,393.0326137,90990700
2023-02-08,394.7436829,398.4733978,394.0515705,397.1276319,76227500
2023-02-09,391.3215332,398.511809,390.0911146,398.3580031,78694900
2023-02-10,392.2347412,392.6192415,389.3221082,390.1391603,70769700
2023-02-13,396.8391724,396.9737636,392.4269678,392.8883857,64913500
2023-02-14,396.6565552,398.9731789,392.6865245,395.3107602,88389300
2023-02-15,397.9446106,398.0214989,393.6092948,394.4552129,61555700
2023-02-16,392.4653931,396.9160561,392.3308312,392.9556478,76431500
2023-02-17,391.4849854,391.7253017,388.3993021,390.3314551,89257800
2023-02-21,383.6313477,388.5049695,383.3718166,387.4475719,82655900
2023-02-22,383.1026917,385.5923653,381.6415496,384.0447129,83742300
2023-02-23,385.1405945,386.6209514,380.9014106,386.0057275,96242400
2023-02-24,381.0263367,381.8626328,378.3924792,380.1035302,108194400
2023-02-27,382.3241272,385.7462299,381.3820765,384.3812201,80444700
2023-02-28,380.9110107,383.8140215,380.8052563,381.8434393,96438600
2023-03-01,379.4498596,381.3243387,378.1425529,380.0939203,99706800
2023-03-02,382.4009705,383.2468887,377.1332257,377.4696745,85127800
2023-03-03,388.5338135,388.7837518,383.5736811,384.2273345,90120000
2023-03-06,388.803009,391.6675904,388.3608352,389.36053,72795900
2023-03-07,382.8431091,388.9952303,382.2279146,388.754914,108310600
2023-03-08,383.4679871,384.2273656,381.2282224,382.9585176,74746600
2023-03-09,376.3930054,385.9287692,375.4029034,384.2561478,111945300
2023-03-10,370.9618835,377.9310567,369.4334753,375.8450982,189253000
2023-03-13,370.4332581,375.2684517,365.9057058,367.0207773,157790000
2023-03-14,376.556488,378.2098656,372.0577439,375.3741211,149752400
2023-03-15,374.2014465,374.4033041,368.8471905,370.9427716,172996900
2023-03-16,380.7667847,381.1128554,371.3271817,371.8366511,143254200
2023-03-17,376.3146057,380.5699682,374.9250984,379.4313532,140553400
2023-03-20,379.933136,380.34808,376.3918444,377.0962274,93055800
2023-03-21,384.921814,385.404281,381.7085674,383.3103613,91524200
2023-03-22,378.3602905,388.3763111,378.3217144,384.7481789,111746600
2023-03-23,379.3831482,385.2885401,376.662027,381.2358052,119351300
2023-03-24,381.8725891,381.9594296,375.745253,378.099694,107682400
2023-03-27,382.5867004,384.9315126,381.6893188,384.1595477,74010400
2023-03-28,381.7279358,382.5867118,379.8849081,381.8919581,62871700
2023-03-29,387.2762451,387.5174786,384.6998585,385.906026,77497900
2023-03-30,389.5439148,390.1711161,387.6719403,389.9202238,69840000
2023-03-31,395.0343628,395.33349,390.3640561,390.4702142,112062600
2023-04-03,396.5397034,396.9449592,394.1177092,394.5133358,67391100
2023-04-04,394.3396301,397.4756659,392.959752,397.186168,66601500
2023-04-05,393.3071289,394.3685623,391.6474411,393.6062561,65200200
2023-04-06,394.8413391,395.1211782,391.4544114,392.5061859,63743300
2023-04-10,395.246582,395.3237932,391.7342378,392.3517802,63681000
2023-04-11,395.3527527,396.7615481,394.5808173,395.8738253,59297900
2023-04-12,393.7413025,397.7168553,393.1527069,397.4273574,86420400
2023-04-13,398.971283,399.3283038,393.6834338,394.8317076,85814800
2023-04-14,397.9966736,400.5344547,395.6808378,398.3344064,78161500
2023-04-17,399.4247742,399.4440622,396.6747064,397.9098208,66436400
2023-04-18,399.6852722,401.1423319,398.3054238,401.007227,63560000
2023-04-19,399.6177673,400.5247782,397.7071875,397.7650812,55227300
2023-04-20,397.4370728,399.1932599,395.8835135,396.7905539,75840400
2023-04-21,397.7457886,398.208938,395.7869738,397.7361298,73457400
2023-04-24,398.1607361,398.5853094,396.2019212,397.5431642,64332100
2023-04-25,391.8404236,396.7423053,391.7825299,396.182627,97766700
2023-04-26,390.1807251,393.5387063,389.6210763,392.4579848,80447000
2023-04-27,397.9484253,398.2186056,392.4772367,392.7281289,92968400
2023-04-28,401.3450012,401.35466,397.0027981,397.0606918,89433100
2023-05-01,400.9397278,402.9757243,400.7081236,400.9011222,62122300
2023-05-02,396.4335022,400.2739503,393.519412,400.225686,103998500
2023-05-03,393.7124023,399.3572727,393.4711688,396.9352787,91531800
2023-05-04,390.9237061,392.9886494,389.5824337,392.6605754,94901900
2023-05-05,398.1607361,399.2125106,394.3106587,394.5711803,87891800
2023-05-08,398.2669067,398.7493738,396.8581111,398.4888522,50046800
2023-05-09,396.5203857,397.6397129,396.288811,396.7133844,49220100
2023-05-10,398.3730164,400.0037572,394.5325684,399.3668972,96142900
2023-05-11,397.6782837,397.9677521,395.5940226,397.5046026,70157100
2023-05-12,397.1572571,399.1353898,394.7256335,398.9231031,70481500
2023-05-15,398.5274048,398.9326606,395.8448894,397.7650987,54289400
2023-05-16,395.8641663,398.3440537,395.8545075,397.4176958,57705500
2023-05-17,400.6695862,401.2774699,396.2405423,397.8905713,87287000
2023-05-18,404.5292969,404.9538702,400.1292001,400.3511161,97177200
2023-05-19,403.9406738,405.9670412,402.7152182,405.4363392,103793300
2023-05-22,404.1047363,405.6486367,402.7152289,403.9600021,60745400
2023-05-23,399.569519,404.0371682,399.1738926,402.4546623,86383500
2023-05-24,396.6747437,398.3440902,395.5071817,397.9581225,89213700
2023-05-25,400.1099243,401.5669843,397.9484813,400.1967649,90961600
2023-05-26,405.2915649,406.0152654,400.6888404,400.7660222,93830000
2023-05-30,405.4459534,407.761789,404.0564461,407.2310871,72216000
2023-05-31,403.1977539,404.519709,401.6249065,403.6126685,110811800
2023-06-01,407.0285034,408.0899368,402.1748861,403.4292887,88865000
2023-06-02,412.9145508,413.7057742,409.0837618,409.6144637,91426200
2023-06-05,412.1233215,414.5549446,411.4189091,413.2619366,65460200
2023-06-06,413.0206909,413.5513928,411.0522174,411.7083948,64022200
2023-06-07,411.5925903,414.5549448,411.168017,413.4163297,85373300
2023-06-08,414.0821533,414.5356735,410.888224,411.6601594,61952800
2023-06-09,414.8251648,416.8418735,413.8312838,414.8830585,85742800
2023-06-12,418.5883789,418.6655901,415.085693,415.8093936,76104300
2023-06-13,421.3480835,421.9945728,419.3892687,420.0550755,95899700
2023-06-14,421.8498535,423.6639342,418.3857439,421.6858312,100612100
2023-06-15,427.0798035,428.3342059,420.9331785,421.0296483,110303100
2023-06-16,425.625061,429.6444062,425.1504965,429.072984,114165800
2023-06-20,423.4168396,424.5693788,421.3345311,423.6783585,76160400
2023-06-21,421.2473755,423.2328263,420.6565639,422.4289691,76982300
2023-06-22,422.7679443,422.8744672,419.9495525,420.2885398,70637200
2023-06-23,419.5718689,421.3636339,418.8551747,419.3006849,92074500
2023-06-26,417.8575745,420.9277612,417.6154449,419.0004191,72823600
2023-06-27,422.4386902,423.0585266,418.2837379,418.7389427,72813700
2023-06-28,422.6517334,423.6686658,420.7340564,421.3538928,75636000
2023-06-29,424.3175964,424.4822576,421.8285265,422.2352877,67882300
2023-06-30,429.3248291,430.3127072,427.2231312,427.5427588,104964000
2023-07-03,429.8188171,430.0996662,428.6953322,428.9762108,32793400
2023-07-05,429.1795349,429.9156183,427.9882467,427.9979414,58418400
2023-07-06,425.8187866,426.2449371,423.300633,425.5863517,80658300
2023-07-07,424.7436523,428.7049179,424.5015228,424.8211504,86134200
2023-07-10,425.8187866,425.9931128,423.8139465,424.3853688,62443500
2023-07-11,428.5306702,429.024624,425.6057551,426.5839682,64463800
2023-07-12,431.9785767,433.3926348,430.9035354,432.3369533,91924500
2023-07-13,435.4071045,436.2012966,433.363545,433.7993605,72425200
2023-07-14,435.1359253,437.1504305,434.3707875,436.2981591,69815800
2023-07-17,436.6468201,437.7025015,434.9422183,434.9906619,52680200
2023-07-18,439.8913269,440.5402176,435.881647,436.317492,80668200
2023-07-19,440.8695984,442.0608571,439.8138873,440.6855775,65891700
2023-07-20,437.9446716,440.7727585,437.2279774,439.8720435,70591600
2023-07-21,437.9446716,439.8720435,437.9350065,439.6686333,71275600
2023-07-24,439.9010315,440.7145833,438.060823,439.0971447,54023400
2023-07-25,441.1020203,442.3610824,439.5814393,439.6298829,55191200
2023-07-26,441.1698303,442.6032187,439.1068814,440.1625629,71052900
2023-07-27,438.244873,444.9760876,437.3344634,444.5692969,92194400
2023-07-28,442.5354004,443.368312,438.2448418,441.5281331,80011800
2023-07-31,443.3780212,443.7363683,441.6927792,443.0099795,62040400
2023-08-01,442.1092834,442.855032,441.1504301,441.9058733,55291500
2023-08-02,435.959198,439.24246,435.2037548,438.9809707,93933400
2023-08-03,434.7098083,436.5984311,433.2860851,433.9350054,64276100
2023-08-04,432.7436829,438.6419561,432.2206747,436.5305932,100128900
2023-08-07,436.5209656,436.6759321,433.8865941,434.5839286,58357500
2023-08-08,434.6225586,436.511181,431.2521045,433.9736384,71361300
2023-08-09,431.717041,435.058441,430.9519033,434.8937799,78789600
2023-08-10,431.8720398,437.4797696,430.7001408,434.0802605,93005500
2023-08-11,431.6202087,432.6371708,429.3926283,429.993105,68690900
2023-08-14,434.0027771,434.0027771,430.3902223,430.7001553,47867400
2023-08-15,428.9471436,432.5790877,428.3756917,432.220711,75707500
2023-08-16,425.799408,430.1964598,425.6928556,428.5306072,80107200
2023-08-17,422.5548401,427.5330086,422.031832,427.2715193,95711300
2023-08-18,422.7582703,423.794592,419.3781506,419.726803,98852000
2023-08-21,425.5088806,426.2546292,421.6154472,423.7752244,68719000
2023-08-22,424.3562622,427.2908713,423.7945346,427.2908713,64994200
2023-08-23,429.0826721,429.702538,425.2764022,425.421674,68441000
2023-08-24,423.1360168,431.2037621,423.1069329,430.6904485,88517300
2023-08-25,426.1190491,427.4071656,421.3055114,424.869652,102325100
2023-08-28,428.821167,429.4410033,426.1189927,428.3175186,61595400
2023-08-29,435.0197449,435.3006235,428.5306595,428.7146804,83081900
2023-08-30,436.8114624,437.450688,434.6516559,435.3586849,69053900
2023-08-31,436.1722717,438.5741785,435.9882509,437.4313338,66084600
2023-09-01,436.9857788,439.3877149,435.5233067,438.9034557,58944100
2023-09-05,435.0971985,436.8599091,435.0294247,436.540311,55166200
2023-09-06,432.1722412,434.3901564,429.8381085,434.283604,70758500
2023-09-07,430.8453674,431.5233125,428.8114731,429.1601255,70355400
2023-09-08,431.4943542,433.0342951,430.5355304,430.8938775,61659700
2023-09-11,434.3320618,434.6419652,432.4143848,434.1286516,60180100
2023-09-12,431.9494324,434.4094769,431.3683451,432.8792311,67565400
2023-09-13,432.453186,433.6153905,431.0681822,432.1723074,60199300
2023-09-14,436.1819458,436.8792803,433.6250725,434.9325783,83430800
2023-09-15,430.9266663,434.9213331,430.4893135,434.5908789,111848900
2023-09-18,431.1793823,432.4817712,430.1394051,430.6156436,55752200
2023-09-19,430.2851868,430.8489255,427.5929384,430.2560299,66514600
2023-09-20,426.3294373,431.9666465,426.1253096,431.5487217,82562600
2023-09-21,419.2828979,423.7343455,419.1273848,423.4719339,104095800
2023-09-22,418.3401489,421.9168615,417.9221945,420.3131752,100829700
2023-09-25,420.0993042,420.1381602,416.6878043,417.1251867,70874500
2023-09-26,413.9274902,417.7569147,413.0916111,417.0473918,96168400
2023-09-27,414.092804,415.6673632,410.4383493,415.1036244,104705800
2023-09-28,416.4934692,418.174927,412.9459133,413.5388089,92258300
2023-09-29,415.4826355,419.7299852,413.956691,419.5550441,115111300
2023-10-02,415.3174133,416.5712174,412.5473935,414.646776,83798600
2023-10-03,409.7579346,415.3757158,408.3875031,413.1305491,103760600
2023-10-04,412.7417603,413.4901392,408.7568224,410.2244531,87453000
2023-10-05,412.5862732,413.4318516,409.3497437,412.4501881,70142700
2023-10-06,417.4848328,419.0302054,408.7957343,410.1272801,113273300
2023-10-09,420.1576538,420.7310917,415.0258399,415.5798201,80374400
2023-10-10,422.3445129,424.9492908,420.3909147,420.7894115,78607300
2023-10-11,424.0744934,424.3271762,421.0226047,423.413585,62451700
2023-10-12,421.4891663,425.0658785,419.1273723,424.6868394,81154200
2023-10-13,419.3897705,424.2008585,417.8152412,422.9956395,95143100
2023-10-16,423.8023987,424.8715327,421.4017189,421.6447025,75433200
2023-10-17,423.7829285,425.8434548,420.3131444,420.6630266,75324700
2023-10-18,418.1360168,422.9665335,417.0474547,422.0043276,93559800
2023-10-19,414.4620667,420.672743,413.7817302,418.85523,121323000
2023-10-20,409.3691406,414.5689967,409.2622124,414.0247157,123919900
2023-10-23,408.659668,412.5377077,406.074318,407.8335175,92035100
2023-10-24,411.7406921,412.8972968,408.9317867,410.7881855,78564200
2023-10-25,405.8313293,410.078709,405.3162051,410.0495521,94223200
2023-10-26,400.9716492,405.6174959,400.048329,404.7622182,115156800
2023-10-27,399.1541138,402.9641106,397.7253687,402.5656139,107367700
2023-10-30,403.9263306,404.9857358,400.6509154,401.9533044,86562700
2023-10-31,406.4630737,406.7837991,402.5850344,404.4997468,79665200
2023-11-01,410.7979431,411.6143647,406.9004753,407.4350572,98068100
2023-11-02,418.6705933,418.8261064,414.5884557,414.6078837,94938900
2023-11-03,422.4902954,424.0453969,420.8574522,420.9838085,100167800
2023-11-06,423.4622498,423.9093314,421.5086514,423.2484229,67831700
2023-11-07,424.6674194,425.3088999,422.3153541,423.4622299,64256100
2023-11-08,424.9784241,425.7948456,422.6652149,425.2699926,61746000
2023-11-09,421.6641541,426.1642165,421.2365004,426.1253308,83174400
2023-11-10,428.2441101,428.5551363,421.6543944,423.7440776,89462200
2023-11-13,427.8359375,428.9439276,426.1156238,426.9028885,52236100
2023-11-14,436.1362305,437.4288905,433.5703088,433.7938645,97176900
2023-11-15,437.0595703,438.7118711,436.2042631,437.4774951,77327600
2023-11-16,437.5942078,437.9149332,435.5434099,436.6125441,66665800
2023-11-17,438.1383972,438.7507207,436.6804953,437.6038154,83133200
2023-11-20,441.5110779,442.3566563,437.8760218,437.8857507,69936200
2023-11-21,440.5488281,441.3847074,439.275596,440.4613576,49244600
2023-11-22,442.2497253,443.571572,441.151464,442.2108693,59394900
2023-11-24,442.5218201,442.7162189,441.9678399,442.2982941,29737400
2023-11-27,441.7248535,442.7064873,441.3360559,441.8900658,50506000
2023-11-28,442.1622314,443.4646203,440.772372,441.336081,62115000
2023-11-29,441.8511963,445.4570952,441.4527292,444.3199186,63146000
2023-11-30,443.5910034,443.9409153,440.6168855,442.6968401,79752700
2023-12-01,446.2152405,446.7497927,442.3858153,442.9786812,89183400
2023-12-04,443.8728638,446.234658,441.5888113,442.8134585,72430900
2023-12-05,443.7854004,444.7476063,442.1039426,442.4830114,69793500
2023-12-06,441.9970093,445.9624896,441.5596268,445.9333327,69124700
2023-12-07,445.3695679,446.0207474,443.4840125,444.0866072,66995400
2023-12-08,447.2843323,447.8188845,444.3782275,444.6212112,83194400
2023-12-11,449.0240784,449.1990491,446.5748137,446.7886405,65002200
2023-12-12,451.0749512,451.1721506,447.6731793,448.674271,68327600
2023-12-13,457.2952576,457.5479701,451.0943097,451.4539208,93278000
2023-12-14,458.7628479,460.4345766,456.080299,459.2390864,119026000
2023-12-15,458.0075989,459.3445732,456.1534415,458.1637425,141553700
2023-12-18,460.5839233,461.569567,458.5541156,459.6178162,70375300
2023-12-19,463.384613,463.4626997,461.0522866,461.1303435,55761800
2023-12-20,456.9633789,464.4190507,456.5339914,462.5258503,102921000
2023-12-21,461.2962341,461.569478,457.5293402,459.95926,86667500
2023-12-22,462.2233276,463.9116026,460.3203887,462.4282531,67160400
2023-12-26,464.1750793,465.0826362,462.5551228,462.6332095,55387000
2023-12-27,465.0143127,465.1606881,463.4333996,463.9701191,68000300
2023-12-28,465.1899719,466.0292103,464.7703527,465.3753906,77158100
2023-12-29,463.8432922,465.521799,461.8817733,464.994818,122283100